location_id,village_name,date,latitude,longitude,elevation_m,distance_river_ramganga,distance_river_kosi,distance_river_kailash,distance_river_deoha,distance_river_sarda,distance_dam_nanakSagar,HeavyFlood,MidFlood,LowFlood,Unnamed: 15,rain_mm
,Khatima,01-01-2024,28.909628,79.949147,299,45720.0,41820.0,64125.0,15406.4,6682.5,50002.38,0.0,0.0,0.0,,0.0
,Khatima,01-01-2025,28.909628,79.949147,299,45720.0,41820.0,64125.0,15406.4,6682.5,50002.38,0.0,0.0,0.0,,0.0
,Khatima,01-02-2023,28.909628,79.949147,299,45720.0,41820.0,64125.0,15406.4,6682.5,50002.38,0.0,0.0,0.0,,0.0
,Khatima,01-02-2024,28.909628,79.949147,299,45720.0,41820.0,64125.0,15406.4,6682.5,50002.38,0.0,0.0,0.0,,0.0
,Khatima,01-02-2025,28.909628,79.949147,299,45720.0,41820.0,64125.0,15406.4,6682.5,50002.38,0.0,0.0,0.0,,0.0
,Khatima,01-03-2023,28.909628,79.949147,299,45720.0,41820.0,64125.0,15406.4,6682.5,50002.38,0.0,0.0,0.0,,0.0
,Khatima,01-03-2024,28.909628,79.949147,299,45720.0,41820.0,64125.0,15406.4,6682.5,50002.38,1.0,1.0,1.0,,29.25
,Khatima,01-03-2025,28.909628,79.949147,299,45720.0,41820.0,64125.0,15406.4,6682.5,50002.38,0.0,0.0,0.0,,5.01
,Khatima,01-04-2023,28.909628,79.949147,299,45720.0,41820.0,64125.0,15406.4,6682.5,50002.38,0.0,0.0,0.0,,0.0
,Khatima,01-04-2024,28.909628,79.949147,299,45720.0,41820.0,64125.0,15406.4,6682.5,50002.38,0.0,0.0,0.0,,0.0
,Khatima,01-04-2025,28.909628,79.949147,299,45720.0,41820.0,64125.0,15406.4,6682.5,50002.38,0.0,0.0,0.0,,0.0
,Khatima,01-05-2023,28.909628,79.949147,299,45720.0,41820.0,64125.0,15406.4,6682.5,50002.38,1.0,1.0,1.0,,44.48
,Khatima,01-05-2024,28.909628,79.949147,299,45720.0,41820.0,64125.0,15406.4,6682.5,50002.38,0.0,0.0,0.0,,0.0
,Khatima,01-05-2025,28.909628,79.949147,299,45720.0,41820.0,64125.0,15406.4,6682.5,50002.38,0.0,0.0,0.0,,0.0
,Khatima,01-06-2023,28.909628,79.949147,299,45720.0,41820.0,64125.0,15406.4,6682.5,50002.38,0.0,0.0,0.0,,0.0
,Khatima,01-06-2024,28.909628,79.949147,299,45720.0,41820.0,64125.0,15406.4,6682.5,50002.38,0.0,0.0,0.0,,0.0
,Khatima,01-06-2025,28.909628,79.949147,299,45720.0,41820.0,64125.0,15406.4,6682.5,50002.38,0.0,0.0,0.0,,0.0
,Khatima,01-07-2023,28.909628,79.949147,299,45720.0,41820.0,64125.0,15406.4,6682.5,50002.38,0.0,0.0,0.0,,0.0
,Khatima,01-07-2024,28.909628,79.949147,299,45720.0,41820.0,64125.0,15406.4,6682.5,50002.38,0.0,1.0,1.0,,18.71
,Khatima,01-07-2025,28.909628,79.949147,299,45720.0,41820.0,64125.0,15406.4,6682.5,50002.38,0.0,0.0,0.0,,5.94
,Khatima,01-08-2023,28.909628,79.949147,299,45720.0,41820.0,64125.0,15406.4,6682.5,50002.38,0.0,0.0,0.0,,10.51
,Khatima,01-08-2024,28.909628,79.949147,299,45720.0,41820.0,64125.0,15406.4,6682.5,50002.38,0.0,0.0,0.0,,0.0
,Khatima,01-08-2025,28.909628,79.949147,299,45720.0,41820.0,64125.0,15406.4,6682.5,50002.38,0.0,0.0,1.0,,12.94
,Khatima,01-09-2023,28.909628,79.949147,299,45720.0,41820.0,64125.0,15406.4,6682.5,50002.38,0.0,0.0,0.0,,0.0
,Khatima,01-09-2024,28.909628,79.949147,299,45720.0,41820.0,64125.0,15406.4,6682.5,50002.38,0.0,0.0,1.0,,12.88
,Khatima,01-09-2025,28.909628,79.949147,299,45720.0,41820.0,64125.0,15406.4,6682.5,50002.38,1.0,1.0,1.0,,45.67
,Khatima,01-10-2023,28.909628,79.949147,299,45720.0,41820.0,64125.0,15406.4,6682.5,50002.38,0.0,0.0,0.0,,0.0
,Khatima,01-10-2024,28.909628,79.949147,299,45720.0,41820.0,64125.0,15406.4,6682.5,50002.38,0.0,0.0,0.0,,1.14
,Khatima,01-10-2025,28.909628,79.949147,299,115360.0,41820.0,64125.0,15406.4,6682.5,50002.38,0.0,0.0,0.0,,0.0
,Khatima,01-11-2023,28.909628,79.949147,299,45720.0,41820.0,64125.0,15406.4,6682.5,50002.38,0.0,0.0,0.0,,0.0
,Khatima,01-11-2024,28.909628,79.949147,299,45720.0,41820.0,64125.0,15406.4,6682.5,50002.38,0.0,0.0,0.0,,0.0
,Khatima,01-12-2023,28.909628,79.949147,299,45720.0,41820.0,64125.0,15406.4,6682.5,50002.38,0.0,0.0,0.0,,0.0
,Khatima,01-12-2024,28.909628,79.949147,299,45720.0,41820.0,64125.0,15406.4,6682.5,50002.38,0.0,0.0,0.0,,0.0
,Khatima,02-01-2024,28.909628,79.949147,299,45720.0,41820.0,64125.0,15406.4,6682.5,50002.38,0.0,0.0,0.0,,0.0
,Khatima,02-01-2025,28.909628,79.949147,299,45720.0,41820.0,64125.0,15406.4,6682.5,50002.38,0.0,0.0,0.0,,0.0
,Khatima,02-02-2023,28.909628,79.949147,299,45720.0,41820.0,64125.0,15406.4,6682.5,50002.38,0.0,0.0,0.0,,0.0
,Khatima,02-02-2024,28.909628,79.949147,299,45720.0,41820.0,64125.0,15406.4,6682.5,50002.38,0.0,0.0,0.0,,0.0
,Khatima,02-02-2025,28.909628,79.949147,299,45720.0,41820.0,64125.0,15406.4,6682.5,50002.38,0.0,0.0,0.0,,0.0
,Khatima,02-03-2023,28.909628,79.949147,299,45720.0,41820.0,64125.0,15406.4,6682.5,50002.38,0.0,0.0,0.0,,0.0
,Khatima,02-03-2024,28.909628,79.949147,299,45720.0,41820.0,64125.0,15406.4,6682.5,50002.38,0.0,0.0,0.0,,0.0
,Khatima,02-03-2025,28.909628,79.949147,299,45720.0,41820.0,64125.0,15406.4,6682.5,50002.38,0.0,0.0,0.0,,0.0
,Khatima,02-04-2023,28.909628,79.949147,299,45720.0,41820.0,64125.0,15406.4,6682.5,50002.38,0.0,0.0,0.0,,0.0
,Khatima,02-04-2024,28.909628,79.949147,299,45720.0,41820.0,64125.0,15406.4,6682.5,50002.38,0.0,0.0,0.0,,0.0
,Khatima,02-04-2025,28.909628,79.949147,299,45720.0,41820.0,64125.0,15406.4,6682.5,50002.38,0.0,0.0,0.0,,0.0
,Khatima,02-05-2023,28.909628,79.949147,299,45720.0,41820.0,64125.0,15406.4,6682.5,50002.38,0.0,0.0,0.0,,0.0
,Khatima,02-05-2024,28.909628,79.949147,299,45720.0,41820.0,64125.0,15406.4,6682.5,50002.38,0.0,0.0,0.0,,0.0
,Khatima,02-05-2025,28.909628,79.949147,299,45720.0,41820.0,64125.0,15406.4,6682.5,50002.38,0.0,0.0,0.0,,7.58
,Khatima,02-06-2023,28.909628,79.949147,299,45720.0,41820.0,64125.0,15406.4,6682.5,50002.38,0.0,0.0,0.0,,0.0
,Khatima,02-06-2024,28.909628,79.949147,299,45720.0,41820.0,64125.0,15406.4,6682.5,50002.38,0.0,0.0,0.0,,0.0
,Khatima,02-06-2025,28.909628,79.949147,299,45720.0,41820.0,64125.0,15406.4,6682.5,50002.38,0.0,0.0,0.0,,0.0
,Khatima,02-07-2023,28.909628,79.949147,299,45720.0,41820.0,64125.0,15406.4,6682.5,50002.38,0.0,0.0,0.0,,0.0
,Khatima,02-07-2024,28.909628,79.949147,299,45720.0,41820.0,64125.0,15406.4,6682.5,50002.38,0.0,0.0,0.0,,0.0
,Khatima,02-07-2025,28.909628,79.949147,299,45720.0,41820.0,64125.0,15406.4,6682.5,50002.38,0.0,0.0,1.0,,11.42
,Khatima,02-08-2023,28.909628,79.949147,299,45720.0,41820.0,64125.0,15406.4,6682.5,50002.38,1.0,1.0,1.0,,42.02
,Khatima,02-08-2024,28.909628,79.949147,299,45720.0,41820.0,64125.0,15406.4,6682.5,50002.38,0.0,0.0,0.0,,0.0
,Khatima,02-08-2025,28.909628,79.949147,299,45720.0,41820.0,64125.0,15406.4,6682.5,50002.38,0.0,0.0,0.0,,0.0
,Khatima,02-09-2023,28.909628,79.949147,299,45720.0,41820.0,64125.0,15406.4,6682.5,50002.38,0.0,0.0,0.0,,0.0
,Khatima,02-09-2024,28.909628,79.949147,299,45720.0,41820.0,64125.0,15406.4,6682.5,50002.38,0.0,0.0,0.0,,0.0
,Khatima,02-09-2025,28.909628,79.949147,299,45720.0,41820.0,64125.0,15406.4,6682.5,50002.38,0.0,0.0,0.0,,0.0
,Khatima,02-10-2023,28.909628,79.949147,299,45720.0,41820.0,64125.0,15406.4,6682.5,50002.38,0.0,0.0,0.0,,0.0
,Khatima,02-10-2024,28.909628,79.949147,299,45720.0,41820.0,64125.0,15406.4,6682.5,50002.38,0.0,0.0,0.0,,0.0
,Khatima,02-11-2023,28.909628,79.949147,299,45720.0,41820.0,64125.0,15406.4,6682.5,50002.38,0.0,0.0,0.0,,0.0
,Khatima,02-11-2024,28.909628,79.949147,299,45720.0,41820.0,64125.0,15406.4,6682.5,50002.38,0.0,0.0,0.0,,0.0
,Khatima,02-12-2023,28.909628,79.949147,299,45720.0,41820.0,64125.0,15406.4,6682.5,50002.38,0.0,0.0,0.0,,0.0
,Khatima,02-12-2024,28.909628,79.949147,299,45720.0,41820.0,64125.0,15406.4,6682.5,50002.38,0.0,0.0,0.0,,0.0
,Khatima,03-01-2024,28.909628,79.949147,299,45720.0,41820.0,64125.0,15406.4,6682.5,50002.38,0.0,0.0,0.0,,0.0
,Khatima,03-01-2025,28.909628,79.949147,299,45720.0,41820.0,64125.0,15406.4,6682.5,50002.38,0.0,0.0,0.0,,0.0
,Khatima,03-02-2023,28.909628,79.949147,299,45720.0,41820.0,64125.0,15406.4,6682.5,50002.38,0.0,0.0,0.0,,0.0
,Khatima,03-02-2024,28.909628,79.949147,299,45720.0,41820.0,64125.0,15406.4,6682.5,50002.38,0.0,0.0,0.0,,0.0
,Khatima,03-02-2025,28.909628,79.949147,299,45720.0,41820.0,64125.0,15406.4,6682.5,50002.38,0.0,0.0,0.0,,0.0
,Khatima,03-03-2023,28.909628,79.949147,299,45720.0,41820.0,64125.0,15406.4,6682.5,50002.38,0.0,0.0,0.0,,0.0
,Khatima,03-03-2024,28.909628,79.949147,299,45720.0,41820.0,64125.0,15406.4,6682.5,50002.38,0.0,0.0,0.0,,0.0
,Khatima,03-03-2025,28.909628,79.949147,299,45720.0,41820.0,64125.0,15406.4,6682.5,50002.38,0.0,0.0,0.0,,0.0
,Khatima,03-04-2023,28.909628,79.949147,299,45720.0,41820.0,64125.0,15406.4,6682.5,50002.38,0.0,0.0,0.0,,0.0
,Khatima,03-04-2024,28.909628,79.949147,299,45720.0,41820.0,64125.0,15406.4,6682.5,50002.38,0.0,0.0,0.0,,0.0
,Khatima,03-04-2025,28.909628,79.949147,299,45720.0,41820.0,64125.0,15406.4,6682.5,50002.38,0.0,0.0,0.0,,0.0
,Khatima,03-05-2023,28.909628,79.949147,299,45720.0,41820.0,64125.0,15406.4,6682.5,50002.38,0.0,0.0,0.0,,0.0
,Khatima,03-05-2024,28.909628,79.949147,299,45720.0,41820.0,64125.0,15406.4,6682.5,50002.38,0.0,0.0,0.0,,0.0
,Khatima,03-05-2025,28.909628,79.949147,299,45720.0,41820.0,64125.0,15406.4,6682.5,50002.38,0.0,0.0,0.0,,0.0
,Khatima,03-06-2023,28.909628,79.949147,299,45720.0,41820.0,64125.0,15406.4,6682.5,50002.38,0.0,0.0,0.0,,0.0
,Khatima,03-06-2024,28.909628,79.949147,299,45720.0,41820.0,64125.0,15406.4,6682.5,50002.38,0.0,0.0,0.0,,0.0
,Khatima,03-06-2025,28.909628,79.949147,299,45720.0,41820.0,64125.0,15406.4,6682.5,50002.38,0.0,0.0,0.0,,0.0
,Khatima,03-07-2023,28.909628,79.949147,299,45720.0,41820.0,64125.0,15406.4,6682.5,50002.38,1.0,1.0,1.0,,55.42
,Khatima,03-07-2024,28.909628,79.949147,299,45720.0,41820.0,64125.0,15406.4,6682.5,50002.38,1.0,1.0,1.0,,56.12
,Khatima,03-07-2025,28.909628,79.949147,299,45720.0,41820.0,64125.0,15406.4,6682.5,50002.38,0.0,0.0,0.0,,4.16
,Khatima,03-08-2023,28.909628,79.949147,299,45720.0,41820.0,64125.0,15406.4,6682.5,50002.38,0.0,0.0,0.0,,10.51
,Khatima,03-08-2024,28.909628,79.949147,299,45720.0,41820.0,64125.0,15406.4,6682.5,50002.38,0.0,0.0,0.0,,0.0
,Khatima,03-08-2025,28.909628,79.949147,299,45720.0,41820.0,64125.0,15406.4,6682.5,50002.38,1.0,1.0,1.0,,51.77
,Khatima,03-09-2023,28.909628,79.949147,299,45720.0,41820.0,64125.0,15406.4,6682.5,50002.38,0.0,0.0,0.0,,0.0
,Khatima,03-09-2024,28.909628,79.949147,299,45720.0,41820.0,64125.0,15406.4,6682.5,50002.38,0.0,0.0,0.0,,0.0
,Khatima,03-09-2025,28.909628,79.949147,299,45720.0,41820.0,64125.0,15406.4,6682.5,50002.38,0.0,0.0,0.0,,0.0
,Khatima,03-10-2023,28.909628,79.949147,299,45720.0,41820.0,64125.0,15406.4,6682.5,50002.38,0.0,0.0,0.0,,0.0
,Khatima,03-10-2024,28.909628,79.949147,299,45720.0,41820.0,64125.0,15406.4,6682.5,50002.38,0.0,0.0,0.0,,0.0
,Khatima,03-11-2023,28.909628,79.949147,299,45720.0,41820.0,64125.0,15406.4,6682.5,50002.38,0.0,0.0,0.0,,0.0
,Khatima,03-11-2024,28.909628,79.949147,299,45720.0,41820.0,64125.0,15406.4,6682.5,50002.38,0.0,0.0,0.0,,0.0
,Khatima,03-12-2023,28.909628,79.949147,299,45720.0,41820.0,64125.0,15406.4,6682.5,50002.38,0.0,0.0,0.0,,0.0
,Khatima,03-12-2024,28.909628,79.949147,299,45720.0,41820.0,64125.0,15406.4,6682.5,50002.38,0.0,0.0,0.0,,0.0
,Khatima,04-01-2024,28.909628,79.949147,299,45720.0,41820.0,64125.0,15406.4,6682.5,50002.38,0.0,0.0,0.0,,0.0
,Khatima,04-01-2025,28.909628,79.949147,299,45720.0,41820.0,64125.0,15406.4,6682.5,50002.38,0.0,0.0,0.0,,0.0
,Khatima,04-02-2023,28.909628,79.949147,299,45720.0,41820.0,64125.0,15406.4,6682.5,50002.38,0.0,0.0,0.0,,0.0
,Khatima,04-02-2024,28.909628,79.949147,299,45720.0,41820.0,64125.0,15406.4,6682.5,50002.38,0.0,0.0,0.0,,0.0
,Khatima,04-02-2025,28.909628,79.949147,299,45720.0,41820.0,64125.0,15406.4,6682.5,50002.38,0.0,0.0,0.0,,0.0
,Khatima,04-03-2023,28.909628,79.949147,299,45720.0,41820.0,64125.0,15406.4,6682.5,50002.38,0.0,0.0,0.0,,0.0
,Khatima,04-03-2024,28.909628,79.949147,299,45720.0,41820.0,64125.0,15406.4,6682.5,50002.38,0.0,0.0,0.0,,0.0
,Khatima,04-03-2025,28.909628,79.949147,299,45720.0,41820.0,64125.0,15406.4,6682.5,50002.38,0.0,0.0,0.0,,0.0
,Khatima,04-04-2023,28.909628,79.949147,299,45720.0,41820.0,64125.0,15406.4,6682.5,50002.38,0.0,0.0,0.0,,0.0
,Khatima,04-04-2024,28.909628,79.949147,299,45720.0,41820.0,64125.0,15406.4,6682.5,50002.38,0.0,0.0,0.0,,0.0
,Khatima,04-04-2025,28.909628,79.949147,299,45720.0,41820.0,64125.0,15406.4,6682.5,50002.38,0.0,0.0,0.0,,0.0
,Khatima,04-05-2023,28.909628,79.949147,299,45720.0,41820.0,64125.0,15406.4,6682.5,50002.38,0.0,0.0,0.0,,0.0
,Khatima,04-05-2024,28.909628,79.949147,299,45720.0,41820.0,64125.0,15406.4,6682.5,50002.38,0.0,0.0,0.0,,6.78
,Khatima,04-05-2025,28.909628,79.949147,299,45720.0,41820.0,64125.0,15406.4,6682.5,50002.38,0.0,0.0,1.0,,15.17
,Khatima,04-06-2023,28.909628,79.949147,299,45720.0,41820.0,64125.0,15406.4,6682.5,50002.38,0.0,0.0,0.0,,0.0
,Khatima,04-06-2024,28.909628,79.949147,299,45720.0,41820.0,64125.0,15406.4,6682.5,50002.38,0.0,0.0,0.0,,0.0
,Khatima,04-06-2025,28.909628,79.949147,299,45720.0,41820.0,64125.0,15406.4,6682.5,50002.38,0.0,0.0,0.0,,0.0
,Khatima,04-07-2023,28.909628,79.949147,299,45720.0,41820.0,64125.0,15406.4,6682.5,50002.38,0.0,0.0,0.0,,0.0
,Khatima,04-07-2024,28.909628,79.949147,299,45720.0,41820.0,64125.0,15406.4,6682.5,50002.38,0.0,0.0,0.0,,0.0
,Khatima,04-07-2025,28.909628,79.949147,299,45720.0,41820.0,64125.0,15406.4,6682.5,50002.38,0.0,0.0,0.0,,1.97
,Khatima,04-08-2023,28.909628,79.949147,299,45720.0,41820.0,64125.0,15406.4,6682.5,50002.38,0.0,0.0,0.0,,10.51
,Khatima,04-08-2024,28.909628,79.949147,299,45720.0,41820.0,64125.0,15406.4,6682.5,50002.38,0.0,0.0,0.0,,0.0
,Khatima,04-08-2025,28.909628,79.949147,299,45720.0,41820.0,64125.0,15406.4,6682.5,50002.38,0.0,0.0,0.0,,0.0
,Khatima,04-09-2023,28.909628,79.949147,299,45720.0,41820.0,64125.0,15406.4,6682.5,50002.38,0.0,0.0,1.0,,11.73
,Khatima,04-09-2024,28.909628,79.949147,299,45720.0,41820.0,64125.0,15406.4,6682.5,50002.38,1.0,1.0,1.0,,38.64
,Khatima,04-09-2025,28.909628,79.949147,299,45720.0,41820.0,64125.0,15406.4,6682.5,50002.38,1.0,1.0,1.0,,45.67
,Khatima,04-10-2023,28.909628,79.949147,299,45720.0,41820.0,64125.0,15406.4,6682.5,50002.38,0.0,0.0,0.0,,0.0
,Khatima,04-10-2024,28.909628,79.949147,299,45720.0,41820.0,64125.0,15406.4,6682.5,50002.38,0.0,0.0,0.0,,0.0
,Khatima,04-11-2023,28.909628,79.949147,299,45720.0,41820.0,64125.0,15406.4,6682.5,50002.38,0.0,0.0,0.0,,0.0
,Khatima,04-11-2024,28.909628,79.949147,299,45720.0,41820.0,64125.0,15406.4,6682.5,50002.38,0.0,0.0,0.0,,0.0
,Khatima,04-12-2023,28.909628,79.949147,299,45720.0,41820.0,64125.0,15406.4,6682.5,50002.38,0.0,0.0,0.0,,0.0
,Khatima,04-12-2024,28.909628,79.949147,299,45720.0,41820.0,64125.0,15406.4,6682.5,50002.38,0.0,0.0,0.0,,0.0
,Khatima,05-01-2024,28.909628,79.949147,299,45720.0,41820.0,64125.0,15406.4,6682.5,50002.38,0.0,0.0,0.0,,0.0
,Khatima,05-01-2025,28.909628,79.949147,299,45720.0,41820.0,64125.0,15406.4,6682.5,50002.38,0.0,0.0,0.0,,0.0
,Khatima,05-02-2023,28.909628,79.949147,299,45720.0,41820.0,64125.0,15406.4,6682.5,50002.38,0.0,0.0,0.0,,0.0
,Khatima,05-02-2024,28.909628,79.949147,299,45720.0,41820.0,64125.0,15406.4,6682.5,50002.38,0.0,0.0,0.0,,0.0
,Khatima,05-02-2025,28.909628,79.949147,299,45720.0,41820.0,64125.0,15406.4,6682.5,50002.38,0.0,0.0,0.0,,0.0
,Khatima,05-03-2023,28.909628,79.949147,299,45720.0,41820.0,64125.0,15406.4,6682.5,50002.38,0.0,0.0,0.0,,0.0
,Khatima,05-03-2024,28.909628,79.949147,299,45720.0,41820.0,64125.0,15406.4,6682.5,50002.38,0.0,0.0,0.0,,0.0
,Khatima,05-03-2025,28.909628,79.949147,299,45720.0,41820.0,64125.0,15406.4,6682.5,50002.38,0.0,0.0,0.0,,0.0
,Khatima,05-04-2023,28.909628,79.949147,299,45720.0,41820.0,64125.0,15406.4,6682.5,50002.38,0.0,0.0,0.0,,0.0
,Khatima,05-04-2024,28.909628,79.949147,299,45720.0,41820.0,64125.0,15406.4,6682.5,50002.38,0.0,0.0,0.0,,0.0
,Khatima,05-04-2025,28.909628,79.949147,299,45720.0,41820.0,64125.0,15406.4,6682.5,50002.38,0.0,0.0,0.0,,0.0
,Khatima,05-05-2023,28.909628,79.949147,299,45720.0,41820.0,64125.0,15406.4,6682.5,50002.38,0.0,0.0,0.0,,0.0
,Khatima,05-05-2024,28.909628,79.949147,299,45720.0,41820.0,64125.0,15406.4,6682.5,50002.38,0.0,0.0,0.0,,0.0
,Khatima,05-05-2025,28.909628,79.949147,299,45720.0,41820.0,64125.0,15406.4,6682.5,50002.38,0.0,0.0,0.0,,7.58
,Khatima,05-06-2023,28.909628,79.949147,299,45720.0,41820.0,64125.0,15406.4,6682.5,50002.38,0.0,0.0,0.0,,0.0
,Khatima,05-06-2024,28.909628,79.949147,299,45720.0,41820.0,64125.0,15406.4,6682.5,50002.38,0.0,0.0,0.0,,0.0
,Khatima,05-06-2025,28.909628,79.949147,299,45720.0,41820.0,64125.0,15406.4,6682.5,50002.38,0.0,0.0,0.0,,0.0
,Khatima,05-07-2023,28.909628,79.949147,299,45720.0,41820.0,64125.0,15406.4,6682.5,50002.38,0.0,0.0,0.0,,0.0
,Khatima,05-07-2024,28.909628,79.949147,299,45720.0,41820.0,64125.0,15406.4,6682.5,50002.38,0.0,0.0,0.0,,0.0
,Khatima,05-07-2025,28.909628,79.949147,299,45720.0,41820.0,64125.0,15406.4,6682.5,50002.38,0.0,0.0,0.0,,0.01
,Khatima,05-08-2023,28.909628,79.949147,299,45720.0,41820.0,64125.0,15406.4,6682.5,50002.38,0.0,0.0,0.0,,0.0
,Khatima,05-08-2024,28.909628,79.949147,299,45720.0,41820.0,64125.0,15406.4,6682.5,50002.38,0.0,0.0,0.0,,0.0
,Khatima,05-08-2025,28.909628,79.949147,299,45720.0,41820.0,64125.0,15406.4,6682.5,50002.38,1.0,1.0,1.0,,64.71
,Khatima,05-09-2023,28.909628,79.949147,299,45720.0,41820.0,64125.0,15406.4,6682.5,50002.38,0.0,0.0,0.0,,0.0
,Khatima,05-09-2024,28.909628,79.949147,299,45720.0,41820.0,64125.0,15406.4,6682.5,50002.38,0.0,0.0,0.0,,0.0
,Khatima,05-09-2025,28.909628,79.949147,299,45720.0,41820.0,64125.0,15406.4,6682.5,50002.38,0.0,0.0,0.0,,0.0
,Khatima,05-10-2023,28.909628,79.949147,299,45720.0,41820.0,64125.0,15406.4,6682.5,50002.38,0.0,0.0,0.0,,0.0
,Khatima,05-10-2024,28.909628,79.949147,299,45720.0,41820.0,64125.0,15406.4,6682.5,50002.38,0.0,1.0,1.0,,20.86
,Khatima,05-11-2023,28.909628,79.949147,299,45720.0,41820.0,64125.0,15406.4,6682.5,50002.38,0.0,0.0,0.0,,0.0
,Khatima,05-11-2024,28.909628,79.949147,299,45720.0,41820.0,64125.0,15406.4,6682.5,50002.38,0.0,0.0,0.0,,0.0
,Khatima,05-12-2023,28.909628,79.949147,299,45720.0,41820.0,64125.0,15406.4,6682.5,50002.38,0.0,0.0,0.0,,0.0
,Khatima,05-12-2024,28.909628,79.949147,299,45720.0,41820.0,64125.0,15406.4,6682.5,50002.38,0.0,0.0,0.0,,0.0
,Khatima,06-01-2023,28.909628,79.949147,299,45720.0,41820.0,64125.0,15406.4,6682.5,50002.38,0.0,0.0,0.0,,0.0
,Khatima,06-01-2024,28.909628,79.949147,299,45720.0,41820.0,64125.0,15406.4,6682.5,50002.38,0.0,0.0,0.0,,0.0
,Khatima,06-01-2025,28.909628,79.949147,299,45720.0,41820.0,64125.0,15406.4,6682.5,50002.38,0.0,0.0,0.0,,0.0
,Khatima,06-02-2023,28.909628,79.949147,299,45720.0,41820.0,64125.0,15406.4,6682.5,50002.38,0.0,0.0,0.0,,0.0
,Khatima,06-02-2024,28.909628,79.949147,299,45720.0,41820.0,64125.0,15406.4,6682.5,50002.38,0.0,0.0,0.0,,0.0
,Khatima,06-02-2025,28.909628,79.949147,299,45720.0,41820.0,64125.0,15406.4,6682.5,50002.38,0.0,0.0,0.0,,0.0
,Khatima,06-03-2023,28.909628,79.949147,299,45720.0,41820.0,64125.0,15406.4,6682.5,50002.38,0.0,0.0,0.0,,0.0
,Khatima,06-03-2024,28.909628,79.949147,299,45720.0,41820.0,64125.0,15406.4,6682.5,50002.38,0.0,0.0,0.0,,0.0
,Khatima,06-03-2025,28.909628,79.949147,299,45720.0,41820.0,64125.0,15406.4,6682.5,50002.38,0.0,0.0,0.0,,0.0
,Khatima,06-04-2023,28.909628,79.949147,299,45720.0,41820.0,64125.0,15406.4,6682.5,50002.38,0.0,0.0,0.0,,0.0
,Khatima,06-04-2024,28.909628,79.949147,299,45720.0,41820.0,64125.0,15406.4,6682.5,50002.38,0.0,0.0,0.0,,0.0
,Khatima,06-04-2025,28.909628,79.949147,299,45720.0,41820.0,64125.0,15406.4,6682.5,50002.38,0.0,0.0,0.0,,0.0
,Khatima,06-05-2023,28.909628,79.949147,299,45720.0,41820.0,64125.0,15406.4,6682.5,50002.38,0.0,0.0,0.0,,0.0
,Khatima,06-05-2024,28.909628,79.949147,299,45720.0,41820.0,64125.0,15406.4,6682.5,50002.38,0.0,0.0,0.0,,0.0
,Khatima,06-05-2025,28.909628,79.949147,299,45720.0,41820.0,64125.0,15406.4,6682.5,50002.38,0.0,0.0,0.0,,5.07
,Khatima,06-06-2023,28.909628,79.949147,299,45720.0,41820.0,64125.0,15406.4,6682.5,50002.38,0.0,0.0,0.0,,0.0
,Khatima,06-06-2024,28.909628,79.949147,299,45720.0,41820.0,64125.0,15406.4,6682.5,50002.38,0.0,0.0,0.0,,0.0
,Khatima,06-06-2025,28.909628,79.949147,299,45720.0,41820.0,64125.0,15406.4,6682.5,50002.38,0.0,0.0,0.0,,0.0
,Khatima,06-07-2023,28.909628,79.949147,299,45720.0,41820.0,64125.0,15406.4,6682.5,50002.38,0.0,0.0,1.0,,15.46
,Khatima,06-07-2024,28.909628,79.949147,299,45720.0,41820.0,64125.0,15406.4,6682.5,50002.38,1.0,1.0,1.0,,32.82
,Khatima,06-07-2025,28.909628,79.949147,299,45720.0,41820.0,64125.0,15406.4,6682.5,50002.38,0.0,0.0,0.0,,0.0
,Khatima,06-08-2023,28.909628,79.949147,299,45720.0,41820.0,64125.0,15406.4,6682.5,50002.38,1.0,1.0,1.0,,33.99
,Khatima,06-08-2024,28.909628,79.949147,299,45720.0,41820.0,64125.0,15406.4,6682.5,50002.38,1.0,1.0,1.0,,54.37
,Khatima,06-08-2025,28.909628,79.949147,299,45720.0,41820.0,64125.0,15406.4,6682.5,50002.38,1.0,1.0,1.0,,40.55
,Khatima,06-09-2023,28.909628,79.949147,299,45720.0,41820.0,64125.0,15406.4,6682.5,50002.38,0.0,0.0,0.0,,0.0
,Khatima,06-09-2024,28.909628,79.949147,299,45720.0,41820.0,64125.0,15406.4,6682.5,50002.38,0.0,0.0,0.0,,8.83
,Khatima,06-09-2025,28.909628,79.949147,299,45720.0,41820.0,64125.0,15406.4,6682.5,50002.38,0.0,0.0,0.0,,0.0
,Khatima,06-10-2023,28.909628,79.949147,299,45720.0,41820.0,64125.0,15406.4,6682.5,50002.38,0.0,0.0,0.0,,0.0
,Khatima,06-10-2024,28.909628,79.949147,299,45720.0,41820.0,64125.0,15406.4,6682.5,50002.38,0.0,0.0,0.0,,0.0
,Khatima,06-11-2023,28.909628,79.949147,299,45720.0,41820.0,64125.0,15406.4,6682.5,50002.38,0.0,0.0,0.0,,0.0
,Khatima,06-11-2024,28.909628,79.949147,299,45720.0,41820.0,64125.0,15406.4,6682.5,50002.38,0.0,0.0,0.0,,0.0
,Khatima,06-12-2023,28.909628,79.949147,299,45720.0,41820.0,64125.0,15406.4,6682.5,50002.38,0.0,0.0,0.0,,0.0
,Khatima,06-12-2024,28.909628,79.949147,299,45720.0,41820.0,64125.0,15406.4,6682.5,50002.38,0.0,0.0,0.0,,0.0
,Khatima,07-01-2023,28.909628,79.949147,299,45720.0,41820.0,64125.0,15406.4,6682.5,50002.38,0.0,0.0,0.0,,0.0
,Khatima,07-01-2024,28.909628,79.949147,299,45720.0,41820.0,64125.0,15406.4,6682.5,50002.38,0.0,0.0,0.0,,0.0
,Khatima,07-01-2025,28.909628,79.949147,299,45720.0,41820.0,64125.0,15406.4,6682.5,50002.38,0.0,0.0,0.0,,6.11
,Khatima,07-02-2023,28.909628,79.949147,299,45720.0,41820.0,64125.0,15406.4,6682.5,50002.38,0.0,0.0,0.0,,0.0
,Khatima,07-02-2024,28.909628,79.949147,299,45720.0,41820.0,64125.0,15406.4,6682.5,50002.38,0.0,0.0,0.0,,0.0
,Khatima,07-02-2025,28.909628,79.949147,299,45720.0,41820.0,64125.0,15406.4,6682.5,50002.38,0.0,0.0,0.0,,0.0
,Khatima,07-03-2023,28.909628,79.949147,299,45720.0,41820.0,64125.0,15406.4,6682.5,50002.38,0.0,0.0,0.0,,0.0
,Khatima,07-03-2024,28.909628,79.949147,299,45720.0,41820.0,64125.0,15406.4,6682.5,50002.38,0.0,0.0,0.0,,0.0
,Khatima,07-03-2025,28.909628,79.949147,299,45720.0,41820.0,64125.0,15406.4,6682.5,50002.38,0.0,0.0,0.0,,0.0
,Khatima,07-04-2023,28.909628,79.949147,299,45720.0,41820.0,64125.0,15406.4,6682.5,50002.38,0.0,0.0,0.0,,0.0
,Khatima,07-04-2024,28.909628,79.949147,299,45720.0,41820.0,64125.0,15406.4,6682.5,50002.38,0.0,0.0,0.0,,0.0
,Khatima,07-04-2025,28.909628,79.949147,299,45720.0,41820.0,64125.0,15406.4,6682.5,50002.38,0.0,0.0,0.0,,0.0
,Khatima,07-05-2023,28.909628,79.949147,299,45720.0,41820.0,64125.0,15406.4,6682.5,50002.38,0.0,0.0,0.0,,0.0
,Khatima,07-05-2024,28.909628,79.949147,299,45720.0,41820.0,64125.0,15406.4,6682.5,50002.38,0.0,0.0,0.0,,0.0
,Khatima,07-05-2025,28.909628,79.949147,299,45720.0,41820.0,64125.0,15406.4,6682.5,50002.38,0.0,0.0,0.0,,0.0
,Khatima,07-06-2023,28.909628,79.949147,299,45720.0,41820.0,64125.0,15406.4,6682.5,50002.38,0.0,0.0,0.0,,0.0
,Khatima,07-06-2024,28.909628,79.949147,299,45720.0,41820.0,64125.0,15406.4,6682.5,50002.38,0.0,0.0,0.0,,0.0
,Khatima,07-06-2025,28.909628,79.949147,299,45720.0,41820.0,64125.0,15406.4,6682.5,50002.38,0.0,0.0,0.0,,0.0
,Khatima,07-07-2023,28.909628,79.949147,299,45720.0,41820.0,64125.0,15406.4,6682.5,50002.38,1.0,1.0,1.0,,30.91
,Khatima,07-07-2024,28.909628,79.949147,299,45720.0,41820.0,64125.0,15406.4,6682.5,50002.38,1.0,1.0,1.0,,98.45
,Khatima,07-07-2025,28.909628,79.949147,299,45720.0,41820.0,64125.0,15406.4,6682.5,50002.38,0.0,0.0,0.0,,0.0
,Khatima,07-08-2023,28.909628,79.949147,299,45720.0,41820.0,64125.0,15406.4,6682.5,50002.38,0.0,0.0,0.0,,6.8
,Khatima,07-08-2024,28.909628,79.949147,299,45720.0,41820.0,64125.0,15406.4,6682.5,50002.38,0.0,1.0,1.0,,27.19
,Khatima,07-08-2025,28.909628,79.949147,299,45720.0,41820.0,64125.0,15406.4,6682.5,50002.38,0.0,0.0,0.0,,0.0
,Khatima,07-09-2023,28.909628,79.949147,299,45720.0,41820.0,64125.0,15406.4,6682.5,50002.38,0.0,0.0,1.0,,13.4
,Khatima,07-09-2024,28.909628,79.949147,299,45720.0,41820.0,64125.0,15406.4,6682.5,50002.38,0.0,0.0,0.0,,0.0
,Khatima,07-09-2025,28.909628,79.949147,299,45720.0,41820.0,64125.0,15406.4,6682.5,50002.38,0.0,0.0,0.0,,0.0
,Khatima,07-10-2023,28.909628,79.949147,299,45720.0,41820.0,64125.0,15406.4,6682.5,50002.38,0.0,0.0,0.0,,0.0
,Khatima,07-10-2024,28.909628,79.949147,299,45720.0,41820.0,64125.0,15406.4,6682.5,50002.38,0.0,0.0,0.0,,0.0
,Khatima,07-11-2023,28.909628,79.949147,299,45720.0,41820.0,64125.0,15406.4,6682.5,50002.38,0.0,0.0,0.0,,0.0
,Khatima,07-11-2024,28.909628,79.949147,299,45720.0,41820.0,64125.0,15406.4,6682.5,50002.38,0.0,0.0,0.0,,0.0
,Khatima,07-12-2023,28.909628,79.949147,299,45720.0,41820.0,64125.0,15406.4,6682.5,50002.38,0.0,0.0,0.0,,0.0
,Khatima,07-12-2024,28.909628,79.949147,299,45720.0,41820.0,64125.0,15406.4,6682.5,50002.38,0.0,0.0,0.0,,0.0
,Khatima,08-01-2023,28.909628,79.949147,299,45720.0,41820.0,64125.0,15406.4,6682.5,50002.38,0.0,0.0,0.0,,0.0
,Khatima,08-01-2024,28.909628,79.949147,299,45720.0,41820.0,64125.0,15406.4,6682.5,50002.38,0.0,0.0,0.0,,0.0
,Khatima,08-01-2025,28.909628,79.949147,299,45720.0,41820.0,64125.0,15406.4,6682.5,50002.38,0.0,0.0,0.0,,0.0
,Khatima,08-02-2023,28.909628,79.949147,299,45720.0,41820.0,64125.0,15406.4,6682.5,50002.38,0.0,0.0,0.0,,0.0
,Khatima,08-02-2024,28.909628,79.949147,299,45720.0,41820.0,64125.0,15406.4,6682.5,50002.38,0.0,0.0,0.0,,0.0
,Khatima,08-02-2025,28.909628,79.949147,299,45720.0,41820.0,64125.0,15406.4,6682.5,50002.38,0.0,0.0,0.0,,0.22
,Khatima,08-03-2023,28.909628,79.949147,299,45720.0,41820.0,64125.0,15406.4,6682.5,50002.38,0.0,0.0,0.0,,0.0
,Khatima,08-03-2024,28.909628,79.949147,299,45720.0,41820.0,64125.0,15406.4,6682.5,50002.38,0.0,0.0,0.0,,0.0
,Khatima,08-03-2025,28.909628,79.949147,299,45720.0,41820.0,64125.0,15406.4,6682.5,50002.38,0.0,0.0,0.0,,0.0
,Khatima,08-04-2023,28.909628,79.949147,299,45720.0,41820.0,64125.0,15406.4,6682.5,50002.38,0.0,0.0,0.0,,0.0
,Khatima,08-04-2024,28.909628,79.949147,299,45720.0,41820.0,64125.0,15406.4,6682.5,50002.38,0.0,0.0,0.0,,0.0
,Khatima,08-04-2025,28.909628,79.949147,299,45720.0,41820.0,64125.0,15406.4,6682.5,50002.38,0.0,0.0,0.0,,0.0
,Khatima,08-05-2023,28.909628,79.949147,299,45720.0,41820.0,64125.0,15406.4,6682.5,50002.38,0.0,0.0,0.0,,0.0
,Khatima,08-05-2024,28.909628,79.949147,299,45720.0,41820.0,64125.0,15406.4,6682.5,50002.38,0.0,0.0,0.0,,0.0
,Khatima,08-05-2025,28.909628,79.949147,299,45720.0,41820.0,64125.0,15406.4,6682.5,50002.38,0.0,0.0,0.0,,2.79
,Khatima,08-06-2023,28.909628,79.949147,299,45720.0,41820.0,64125.0,15406.4,6682.5,50002.38,0.0,0.0,0.0,,0.0
,Khatima,08-06-2024,28.909628,79.949147,299,45720.0,41820.0,64125.0,15406.4,6682.5,50002.38,0.0,0.0,0.0,,0.0
,Khatima,08-06-2025,28.909628,79.949147,299,45720.0,41820.0,64125.0,15406.4,6682.5,50002.38,0.0,0.0,0.0,,0.0
,Khatima,08-07-2023,28.909628,79.949147,299,45720.0,41820.0,64125.0,15406.4,6682.5,50002.38,1.0,1.0,1.0,,30.91
,Khatima,08-07-2024,28.909628,79.949147,299,45720.0,41820.0,64125.0,15406.4,6682.5,50002.38,1.0,1.0,1.0,,65.63
,Khatima,08-07-2025,28.909628,79.949147,299,45720.0,41820.0,64125.0,15406.4,6682.5,50002.38,1.0,1.0,1.0,,57.6
,Khatima,08-08-2023,28.909628,79.949147,299,45720.0,41820.0,64125.0,15406.4,6682.5,50002.38,0.0,1.0,1.0,,20.39
,Khatima,08-08-2024,28.909628,79.949147,299,45720.0,41820.0,64125.0,15406.4,6682.5,50002.38,0.0,0.0,0.0,,0.0
,Khatima,08-08-2025,28.909628,79.949147,299,45720.0,41820.0,64125.0,15406.4,6682.5,50002.38,1.0,1.0,1.0,,121.65
,Khatima,08-09-2023,28.909628,79.949147,299,45720.0,41820.0,64125.0,15406.4,6682.5,50002.38,0.0,0.0,1.0,,13.4
,Khatima,08-09-2024,28.909628,79.949147,299,45720.0,41820.0,64125.0,15406.4,6682.5,50002.38,0.0,0.0,1.0,,17.67
,Khatima,08-09-2025,28.909628,79.949147,299,45720.0,41820.0,64125.0,15406.4,6682.5,50002.38,0.0,1.0,1.0,,27.52
,Khatima,08-10-2023,28.909628,79.949147,299,45720.0,41820.0,64125.0,15406.4,6682.5,50002.38,0.0,0.0,0.0,,0.0
,Khatima,08-10-2024,28.909628,79.949147,299,45720.0,41820.0,64125.0,15406.4,6682.5,50002.38,0.0,0.0,0.0,,0.0
,Khatima,08-11-2023,28.909628,79.949147,299,45720.0,41820.0,64125.0,15406.4,6682.5,50002.38,0.0,0.0,0.0,,0.0
,Khatima,08-11-2024,28.909628,79.949147,299,45720.0,41820.0,64125.0,15406.4,6682.5,50002.38,0.0,0.0,0.0,,0.0
,Khatima,08-12-2023,28.909628,79.949147,299,45720.0,41820.0,64125.0,15406.4,6682.5,50002.38,0.0,0.0,0.0,,0.0
,Khatima,08-12-2024,28.909628,79.949147,299,45720.0,41820.0,64125.0,15406.4,6682.5,50002.38,0.0,0.0,0.0,,3.85
,Khatima,09-01-2023,28.909628,79.949147,299,45720.0,41820.0,64125.0,15406.4,6682.5,50002.38,0.0,0.0,0.0,,5.86
,Khatima,09-01-2024,28.909628,79.949147,299,45720.0,41820.0,64125.0,15406.4,6682.5,50002.38,0.0,0.0,0.0,,0.0
,Khatima,09-01-2025,28.909628,79.949147,299,45720.0,41820.0,64125.0,15406.4,6682.5,50002.38,0.0,0.0,0.0,,0.0
,Khatima,09-02-2023,28.909628,79.949147,299,45720.0,41820.0,64125.0,15406.4,6682.5,50002.38,0.0,0.0,0.0,,0.0
,Khatima,09-02-2024,28.909628,79.949147,299,45720.0,41820.0,64125.0,15406.4,6682.5,50002.38,0.0,0.0,0.0,,0.0
,Khatima,09-02-2025,28.909628,79.949147,299,45720.0,41820.0,64125.0,15406.4,6682.5,50002.38,0.0,0.0,0.0,,2.18
,Khatima,09-03-2023,28.909628,79.949147,299,45720.0,41820.0,64125.0,15406.4,6682.5,50002.38,0.0,0.0,0.0,,0.0
,Khatima,09-03-2024,28.909628,79.949147,299,45720.0,41820.0,64125.0,15406.4,6682.5,50002.38,0.0,0.0,0.0,,0.0
,Khatima,09-03-2025,28.909628,79.949147,299,45720.0,41820.0,64125.0,15406.4,6682.5,50002.38,0.0,0.0,0.0,,0.0
,Khatima,09-04-2023,28.909628,79.949147,299,45720.0,41820.0,64125.0,15406.4,6682.5,50002.38,0.0,0.0,0.0,,0.0
,Khatima,09-04-2024,28.909628,79.949147,299,45720.0,41820.0,64125.0,15406.4,6682.5,50002.38,0.0,0.0,0.0,,0.0
,Khatima,09-04-2025,28.909628,79.949147,299,45720.0,41820.0,64125.0,15406.4,6682.5,50002.38,0.0,0.0,0.0,,4.75
,Khatima,09-05-2023,28.909628,79.949147,299,45720.0,41820.0,64125.0,15406.4,6682.5,50002.38,0.0,0.0,0.0,,0.0
,Khatima,09-05-2024,28.909628,79.949147,299,45720.0,41820.0,64125.0,15406.4,6682.5,50002.38,0.0,0.0,0.0,,0.0
,Khatima,09-05-2025,28.909628,79.949147,299,45720.0,41820.0,64125.0,15406.4,6682.5,50002.38,0.0,0.0,0.0,,0.67
,Khatima,09-06-2023,28.909628,79.949147,299,45720.0,41820.0,64125.0,15406.4,6682.5,50002.38,0.0,0.0,0.0,,0.0
,Khatima,09-06-2024,28.909628,79.949147,299,45720.0,41820.0,64125.0,15406.4,6682.5,50002.38,0.0,0.0,0.0,,0.0
,Khatima,09-06-2025,28.909628,79.949147,299,45720.0,41820.0,64125.0,15406.4,6682.5,50002.38,0.0,0.0,0.0,,0.0
,Khatima,09-07-2023,28.909628,79.949147,299,45720.0,41820.0,64125.0,15406.4,6682.5,50002.38,0.0,0.0,1.0,,15.46
,Khatima,09-07-2024,28.909628,79.949147,299,45720.0,41820.0,64125.0,15406.4,6682.5,50002.38,0.0,0.0,0.0,,0.0
,Khatima,09-07-2025,28.909628,79.949147,299,45720.0,41820.0,64125.0,15406.4,6682.5,50002.38,0.0,0.0,0.0,,0.0
,Khatima,09-08-2023,28.909628,79.949147,299,45720.0,41820.0,64125.0,15406.4,6682.5,50002.38,1.0,1.0,1.0,,33.99
,Khatima,09-08-2024,28.909628,79.949147,299,45720.0,41820.0,64125.0,15406.4,6682.5,50002.38,0.0,0.0,0.0,,0.0
,Khatima,09-08-2025,28.909628,79.949147,299,45720.0,41820.0,64125.0,15406.4,6682.5,50002.38,0.0,0.0,0.0,,0.0
,Khatima,09-09-2023,28.909628,79.949147,299,45720.0,41820.0,64125.0,15406.4,6682.5,50002.38,0.0,0.0,0.0,,0.0
,Khatima,09-09-2024,28.909628,79.949147,299,45720.0,41820.0,64125.0,15406.4,6682.5,50002.38,0.0,0.0,1.0,,17.67
,Khatima,09-09-2025,28.909628,79.949147,299,45720.0,41820.0,64125.0,15406.4,6682.5,50002.38,0.0,0.0,0.0,,0.0
,Khatima,09-10-2023,28.909628,79.949147,299,45720.0,41820.0,64125.0,15406.4,6682.5,50002.38,0.0,0.0,0.0,,0.0
,Khatima,09-10-2024,28.909628,79.949147,299,45720.0,41820.0,64125.0,15406.4,6682.5,50002.38,0.0,0.0,0.0,,0.0
,Khatima,09-11-2023,28.909628,79.949147,299,45720.0,41820.0,64125.0,15406.4,6682.5,50002.38,0.0,0.0,0.0,,0.0
,Khatima,09-11-2024,28.909628,79.949147,299,45720.0,41820.0,64125.0,15406.4,6682.5,50002.38,0.0,0.0,0.0,,0.0
,Khatima,09-12-2023,28.909628,79.949147,299,45720.0,41820.0,64125.0,15406.4,6682.5,50002.38,0.0,0.0,0.0,,0.0
,Khatima,09-12-2024,28.909628,79.949147,299,45720.0,41820.0,64125.0,15406.4,6682.5,50002.38,0.0,0.0,0.0,,0.0
,Khatima,10-01-2023,28.909628,79.949147,299,45720.0,41820.0,64125.0,15406.4,6682.5,50002.38,0.0,0.0,0.0,,0.0
,Khatima,10-01-2024,28.909628,79.949147,299,45720.0,41820.0,64125.0,15406.4,6682.5,50002.38,0.0,0.0,0.0,,0.0
,Khatima,10-01-2025,28.909628,79.949147,299,45720.0,41820.0,64125.0,15406.4,6682.5,50002.38,0.0,0.0,0.0,,0.0
,Khatima,10-02-2023,28.909628,79.949147,299,45720.0,41820.0,64125.0,15406.4,6682.5,50002.38,0.0,0.0,0.0,,0.0
,Khatima,10-02-2024,28.909628,79.949147,299,45720.0,41820.0,64125.0,15406.4,6682.5,50002.38,0.0,0.0,0.0,,0.0
,Khatima,10-02-2025,28.909628,79.949147,299,45720.0,41820.0,64125.0,15406.4,6682.5,50002.38,0.0,0.0,0.0,,0.0
,Khatima,10-03-2023,28.909628,79.949147,299,45720.0,41820.0,64125.0,15406.4,6682.5,50002.38,0.0,0.0,0.0,,0.0
,Khatima,10-03-2024,28.909628,79.949147,299,45720.0,41820.0,64125.0,15406.4,6682.5,50002.38,0.0,0.0,0.0,,0.0
,Khatima,10-03-2025,28.909628,79.949147,299,45720.0,41820.0,64125.0,15406.4,6682.5,50002.38,0.0,0.0,0.0,,0.0
,Khatima,10-04-2023,28.909628,79.949147,299,45720.0,41820.0,64125.0,15406.4,6682.5,50002.38,0.0,0.0,0.0,,0.0
,Khatima,10-04-2024,28.909628,79.949147,299,45720.0,41820.0,64125.0,15406.4,6682.5,50002.38,0.0,0.0,0.0,,0.0
,Khatima,10-04-2025,28.909628,79.949147,299,45720.0,41820.0,64125.0,15406.4,6682.5,50002.38,0.0,0.0,0.0,,4.75
,Khatima,10-05-2023,28.909628,79.949147,299,45720.0,41820.0,64125.0,15406.4,6682.5,50002.38,0.0,0.0,0.0,,0.0
,Khatima,10-05-2024,28.909628,79.949147,299,45720.0,41820.0,64125.0,15406.4,6682.5,50002.38,0.0,0.0,0.0,,7.31
,Khatima,10-05-2025,28.909628,79.949147,299,45720.0,41820.0,64125.0,15406.4,6682.5,50002.38,0.0,0.0,0.0,,1.94
,Khatima,10-06-2023,28.909628,79.949147,299,45720.0,41820.0,64125.0,15406.4,6682.5,50002.38,0.0,0.0,0.0,,0.0
,Khatima,10-06-2024,28.909628,79.949147,299,45720.0,41820.0,64125.0,15406.4,6682.5,50002.38,0.0,0.0,0.0,,0.0
,Khatima,10-06-2025,28.909628,79.949147,299,45720.0,41820.0,64125.0,15406.4,6682.5,50002.38,0.0,0.0,0.0,,0.0
,Khatima,10-07-2023,28.909628,79.949147,299,45720.0,41820.0,64125.0,15406.4,6682.5,50002.38,1.0,1.0,1.0,,30.91
,Khatima,10-07-2024,28.909628,79.949147,299,45720.0,41820.0,64125.0,15406.4,6682.5,50002.38,0.0,0.0,0.0,,0.0
,Khatima,10-07-2025,28.909628,79.949147,299,45720.0,41820.0,64125.0,15406.4,6682.5,50002.38,0.0,0.0,0.0,,0.0
,Khatima,10-08-2023,28.909628,79.949147,299,45720.0,41820.0,64125.0,15406.4,6682.5,50002.38,0.0,0.0,0.0,,0.0
,Khatima,10-08-2024,28.909628,79.949147,299,45720.0,41820.0,64125.0,15406.4,6682.5,50002.38,0.0,0.0,0.0,,0.0
,Khatima,10-08-2025,28.909628,79.949147,299,45720.0,41820.0,64125.0,15406.4,6682.5,50002.38,0.0,0.0,0.0,,0.0
,Khatima,10-09-2023,28.909628,79.949147,299,45720.0,41820.0,64125.0,15406.4,6682.5,50002.38,1.0,1.0,1.0,,67.0
,Khatima,10-09-2024,28.909628,79.949147,299,45720.0,41820.0,64125.0,15406.4,6682.5,50002.38,0.0,0.0,0.0,,8.83
,Khatima,10-09-2025,28.909628,79.949147,299,45720.0,41820.0,64125.0,15406.4,6682.5,50002.38,0.0,0.0,0.0,,0.0
,Khatima,10-10-2023,28.909628,79.949147,299,45720.0,41820.0,64125.0,15406.4,6682.5,50002.38,0.0,0.0,0.0,,0.0
,Khatima,10-10-2024,28.909628,79.949147,299,45720.0,41820.0,64125.0,15406.4,6682.5,50002.38,0.0,0.0,0.0,,0.0
,Khatima,10-11-2023,28.909628,79.949147,299,45720.0,41820.0,64125.0,15406.4,6682.5,50002.38,0.0,0.0,0.0,,0.0
,Khatima,10-11-2024,28.909628,79.949147,299,45720.0,41820.0,64125.0,15406.4,6682.5,50002.38,0.0,0.0,0.0,,0.0
,Khatima,10-12-2023,28.909628,79.949147,299,45720.0,41820.0,64125.0,15406.4,6682.5,50002.38,0.0,0.0,0.0,,4.11
,Khatima,10-12-2024,28.909628,79.949147,299,45720.0,41820.0,64125.0,15406.4,6682.5,50002.38,0.0,0.0,0.0,,0.0
,Khatima,11-01-2023,28.909628,79.949147,299,45720.0,41820.0,64125.0,15406.4,6682.5,50002.38,0.0,0.0,0.0,,0.0
,Khatima,11-01-2024,28.909628,79.949147,299,45720.0,41820.0,64125.0,15406.4,6682.5,50002.38,0.0,0.0,0.0,,0.0
,Khatima,11-01-2025,28.909628,79.949147,299,45720.0,41820.0,64125.0,15406.4,6682.5,50002.38,0.0,0.0,0.0,,0.0
,Khatima,11-02-2023,28.909628,79.949147,299,45720.0,41820.0,64125.0,15406.4,6682.5,50002.38,0.0,0.0,0.0,,0.0
,Khatima,11-02-2024,28.909628,79.949147,299,45720.0,41820.0,64125.0,15406.4,6682.5,50002.38,0.0,0.0,0.0,,0.0
,Khatima,11-02-2025,28.909628,79.949147,299,45720.0,41820.0,64125.0,15406.4,6682.5,50002.38,0.0,0.0,0.0,,0.0
,Khatima,11-03-2023,28.909628,79.949147,299,45720.0,41820.0,64125.0,15406.4,6682.5,50002.38,0.0,0.0,0.0,,0.0
,Khatima,11-03-2024,28.909628,79.949147,299,45720.0,41820.0,64125.0,15406.4,6682.5,50002.38,0.0,0.0,0.0,,0.0
,Khatima,11-03-2025,28.909628,79.949147,299,45720.0,41820.0,64125.0,15406.4,6682.5,50002.38,0.0,0.0,0.0,,0.0
,Khatima,11-04-2023,28.909628,79.949147,299,45720.0,41820.0,64125.0,15406.4,6682.5,50002.38,0.0,0.0,0.0,,0.0
,Khatima,11-04-2024,28.909628,79.949147,299,45720.0,41820.0,64125.0,15406.4,6682.5,50002.38,0.0,0.0,0.0,,0.01
,Khatima,11-04-2025,28.909628,79.949147,299,45720.0,41820.0,64125.0,15406.4,6682.5,50002.38,0.0,0.0,0.0,,3.61
,Khatima,11-05-2023,28.909628,79.949147,299,45720.0,41820.0,64125.0,15406.4,6682.5,50002.38,0.0,0.0,0.0,,0.0
,Khatima,11-05-2024,28.909628,79.949147,299,45720.0,41820.0,64125.0,15406.4,6682.5,50002.38,0.0,0.0,0.0,,8.13
,Khatima,11-05-2025,28.909628,79.949147,299,45720.0,41820.0,64125.0,15406.4,6682.5,50002.38,0.0,0.0,0.0,,0.0
,Khatima,11-06-2023,28.909628,79.949147,299,45720.0,41820.0,64125.0,15406.4,6682.5,50002.38,0.0,0.0,0.0,,0.0
,Khatima,11-06-2024,28.909628,79.949147,299,45720.0,41820.0,64125.0,15406.4,6682.5,50002.38,0.0,0.0,0.0,,0.65
,Khatima,11-06-2025,28.909628,79.949147,299,45720.0,41820.0,64125.0,15406.4,6682.5,50002.38,0.0,0.0,0.0,,0.34
,Khatima,11-07-2023,28.909628,79.949147,299,45720.0,41820.0,64125.0,15406.4,6682.5,50002.38,0.0,0.0,1.0,,12.04
,Khatima,11-07-2024,28.909628,79.949147,299,45720.0,41820.0,64125.0,15406.4,6682.5,50002.38,0.0,1.0,1.0,,26.01
,Khatima,11-07-2025,28.909628,79.949147,299,45720.0,41820.0,64125.0,15406.4,6682.5,50002.38,0.0,0.0,0.0,,0.0
,Khatima,11-08-2023,28.909628,79.949147,299,45720.0,41820.0,64125.0,15406.4,6682.5,50002.38,0.0,0.0,0.0,,7.74
,Khatima,11-08-2024,28.909628,79.949147,299,45720.0,41820.0,64125.0,15406.4,6682.5,50002.38,0.0,0.0,0.0,,0.0
,Khatima,11-08-2025,28.909628,79.949147,299,45720.0,41820.0,64125.0,15406.4,6682.5,50002.38,0.0,0.0,0.0,,0.0
,Khatima,11-09-2023,28.909628,79.949147,299,45720.0,41820.0,64125.0,15406.4,6682.5,50002.38,0.0,0.0,0.0,,0.0
,Khatima,11-09-2024,28.909628,79.949147,299,45720.0,41820.0,64125.0,15406.4,6682.5,50002.38,0.0,0.0,0.0,,8.43
,Khatima,11-09-2025,28.909628,79.949147,299,45720.0,41820.0,64125.0,15406.4,6682.5,50002.38,0.0,0.0,0.0,,0.0
,Khatima,11-10-2023,28.909628,79.949147,299,45720.0,41820.0,64125.0,15406.4,6682.5,50002.38,0.0,0.0,0.0,,0.0
,Khatima,11-10-2024,28.909628,79.949147,299,45720.0,41820.0,64125.0,15406.4,6682.5,50002.38,0.0,0.0,0.0,,0.0
,Khatima,11-11-2023,28.909628,79.949147,299,45720.0,41820.0,64125.0,15406.4,6682.5,50002.38,0.0,0.0,0.0,,0.0
,Khatima,11-11-2024,28.909628,79.949147,299,45720.0,41820.0,64125.0,15406.4,6682.5,50002.38,0.0,0.0,0.0,,0.0
,Khatima,11-12-2023,28.909628,79.949147,299,45720.0,41820.0,64125.0,15406.4,6682.5,50002.38,0.0,0.0,0.0,,0.0
,Khatima,11-12-2024,28.909628,79.949147,299,45720.0,41820.0,64125.0,15406.4,6682.5,50002.38,0.0,0.0,0.0,,0.0
,Khatima,12-01-2023,28.909628,79.949147,299,45720.0,41820.0,64125.0,15406.4,6682.5,50002.38,0.0,0.0,0.0,,8.23
,Khatima,12-01-2024,28.909628,79.949147,299,45720.0,41820.0,64125.0,15406.4,6682.5,50002.38,0.0,0.0,0.0,,0.0
,Khatima,12-01-2025,28.909628,79.949147,299,45720.0,41820.0,64125.0,15406.4,6682.5,50002.38,0.0,0.0,0.0,,0.0
,Khatima,12-02-2023,28.909628,79.949147,299,45720.0,41820.0,64125.0,15406.4,6682.5,50002.38,0.0,0.0,0.0,,0.0
,Khatima,12-02-2024,28.909628,79.949147,299,45720.0,41820.0,64125.0,15406.4,6682.5,50002.38,0.0,1.0,1.0,,20.73
,Khatima,12-02-2025,28.909628,79.949147,299,45720.0,41820.0,64125.0,15406.4,6682.5,50002.38,0.0,0.0,0.0,,0.0
,Khatima,12-03-2023,28.909628,79.949147,299,45720.0,41820.0,64125.0,15406.4,6682.5,50002.38,0.0,0.0,0.0,,0.0
,Khatima,12-03-2024,28.909628,79.949147,299,45720.0,41820.0,64125.0,15406.4,6682.5,50002.38,0.0,0.0,0.0,,0.0
,Khatima,12-03-2025,28.909628,79.949147,299,45720.0,41820.0,64125.0,15406.4,6682.5,50002.38,0.0,0.0,0.0,,0.0
,Khatima,12-04-2023,28.909628,79.949147,299,45720.0,41820.0,64125.0,15406.4,6682.5,50002.38,0.0,0.0,0.0,,0.0
,Khatima,12-04-2024,28.909628,79.949147,299,45720.0,41820.0,64125.0,15406.4,6682.5,50002.38,0.0,0.0,0.0,,0.03
,Khatima,12-04-2025,28.909628,79.949147,299,45720.0,41820.0,64125.0,15406.4,6682.5,50002.38,0.0,0.0,0.0,,0.0
,Khatima,12-05-2023,28.909628,79.949147,299,45720.0,41820.0,64125.0,15406.4,6682.5,50002.38,0.0,0.0,0.0,,0.0
,Khatima,12-05-2024,28.909628,79.949147,299,45720.0,41820.0,64125.0,15406.4,6682.5,50002.38,0.0,0.0,0.0,,0.0
,Khatima,12-05-2025,28.909628,79.949147,299,45720.0,41820.0,64125.0,15406.4,6682.5,50002.38,0.0,0.0,0.0,,0.0
,Khatima,12-06-2023,28.909628,79.949147,299,45720.0,41820.0,64125.0,15406.4,6682.5,50002.38,0.0,0.0,0.0,,0.0
,Khatima,12-06-2024,28.909628,79.949147,299,45720.0,41820.0,64125.0,15406.4,6682.5,50002.38,0.0,0.0,0.0,,4.72
,Khatima,12-06-2025,28.909628,79.949147,299,45720.0,41820.0,64125.0,15406.4,6682.5,50002.38,0.0,1.0,1.0,,27.61
,Khatima,12-07-2023,28.909628,79.949147,299,45720.0,41820.0,64125.0,15406.4,6682.5,50002.38,0.0,0.0,0.0,,0.0
,Khatima,12-07-2024,28.909628,79.949147,299,45720.0,41820.0,64125.0,15406.4,6682.5,50002.38,0.0,1.0,1.0,,26.01
,Khatima,12-07-2025,28.909628,79.949147,299,45720.0,41820.0,64125.0,15406.4,6682.5,50002.38,0.0,1.0,1.0,,21.15
,Khatima,12-08-2023,28.909628,79.949147,299,45720.0,41820.0,64125.0,15406.4,6682.5,50002.38,0.0,0.0,1.0,,15.47
,Khatima,12-08-2024,28.909628,79.949147,299,45720.0,41820.0,64125.0,15406.4,6682.5,50002.38,0.0,0.0,0.0,,0.0
,Khatima,12-08-2025,28.909628,79.949147,299,45720.0,41820.0,64125.0,15406.4,6682.5,50002.38,0.0,0.0,0.0,,0.0
,Khatima,12-09-2023,28.909628,79.949147,299,45720.0,41820.0,64125.0,15406.4,6682.5,50002.38,0.0,0.0,0.0,,0.0
,Khatima,12-09-2024,28.909628,79.949147,299,45720.0,41820.0,64125.0,15406.4,6682.5,50002.38,1.0,1.0,1.0,,151.11
,Khatima,12-09-2025,28.909628,79.949147,299,45720.0,41820.0,64125.0,15406.4,6682.5,50002.38,1.0,1.0,1.0,,31.2
,Khatima,12-10-2023,28.909628,79.949147,299,45720.0,41820.0,64125.0,15406.4,6682.5,50002.38,0.0,0.0,0.0,,0.0
,Khatima,12-10-2024,28.909628,79.949147,299,45720.0,41820.0,64125.0,15406.4,6682.5,50002.38,0.0,0.0,0.0,,0.0
,Khatima,12-11-2023,28.909628,79.949147,299,45720.0,41820.0,64125.0,15406.4,6682.5,50002.38,0.0,0.0,0.0,,0.0
,Khatima,12-11-2024,28.909628,79.949147,299,45720.0,41820.0,64125.0,15406.4,6682.5,50002.38,0.0,0.0,0.0,,0.0
,Khatima,12-12-2023,28.909628,79.949147,299,45720.0,41820.0,64125.0,15406.4,6682.5,50002.38,0.0,0.0,0.0,,4.39
,Khatima,12-12-2024,28.909628,79.949147,299,45720.0,41820.0,64125.0,15406.4,6682.5,50002.38,0.0,0.0,0.0,,0.0
,Khatima,13-01-2023,28.909628,79.949147,299,45720.0,41820.0,64125.0,15406.4,6682.5,50002.38,0.0,0.0,0.0,,0.0
,Khatima,13-01-2024,28.909628,79.949147,299,45720.0,41820.0,64125.0,15406.4,6682.5,50002.38,0.0,0.0,0.0,,0.0
,Khatima,13-01-2025,28.909628,79.949147,299,45720.0,41820.0,64125.0,15406.4,6682.5,50002.38,0.0,0.0,0.0,,0.0
,Khatima,13-02-2023,28.909628,79.949147,299,45720.0,41820.0,64125.0,15406.4,6682.5,50002.38,0.0,0.0,0.0,,0.0
,Khatima,13-02-2024,28.909628,79.949147,299,45720.0,41820.0,64125.0,15406.4,6682.5,50002.38,0.0,0.0,0.0,,0.0
,Khatima,13-02-2025,28.909628,79.949147,299,45720.0,41820.0,64125.0,15406.4,6682.5,50002.38,0.0,0.0,0.0,,0.0
,Khatima,13-03-2023,28.909628,79.949147,299,45720.0,41820.0,64125.0,15406.4,6682.5,50002.38,0.0,0.0,0.0,,0.0
,Khatima,13-03-2024,28.909628,79.949147,299,45720.0,41820.0,64125.0,15406.4,6682.5,50002.38,0.0,0.0,0.0,,0.0
,Khatima,13-03-2025,28.909628,79.949147,299,45720.0,41820.0,64125.0,15406.4,6682.5,50002.38,0.0,0.0,0.0,,0.0
,Khatima,13-04-2023,28.909628,79.949147,299,45720.0,41820.0,64125.0,15406.4,6682.5,50002.38,0.0,0.0,0.0,,0.0
,Khatima,13-04-2024,28.909628,79.949147,299,45720.0,41820.0,64125.0,15406.4,6682.5,50002.38,0.0,0.0,0.0,,0.0
,Khatima,13-04-2025,28.909628,79.949147,299,45720.0,41820.0,64125.0,15406.4,6682.5,50002.38,0.0,0.0,0.0,,0.0
,Khatima,13-05-2023,28.909628,79.949147,299,45720.0,41820.0,64125.0,15406.4,6682.5,50002.38,0.0,0.0,0.0,,0.0
,Khatima,13-05-2024,28.909628,79.949147,299,45720.0,41820.0,64125.0,15406.4,6682.5,50002.38,0.0,0.0,0.0,,0.0
,Khatima,13-05-2025,28.909628,79.949147,299,45720.0,41820.0,64125.0,15406.4,6682.5,50002.38,0.0,0.0,0.0,,0.0
,Khatima,13-06-2023,28.909628,79.949147,299,45720.0,41820.0,64125.0,15406.4,6682.5,50002.38,0.0,0.0,0.0,,0.0
,Khatima,13-06-2024,28.909628,79.949147,299,45720.0,41820.0,64125.0,15406.4,6682.5,50002.38,0.0,0.0,0.0,,0.0
,Khatima,13-06-2025,28.909628,79.949147,299,45720.0,41820.0,64125.0,15406.4,6682.5,50002.38,0.0,0.0,0.0,,8.13
,Khatima,13-07-2023,28.909628,79.949147,299,45720.0,41820.0,64125.0,15406.4,6682.5,50002.38,1.0,1.0,1.0,,36.12
,Khatima,13-07-2024,28.909628,79.949147,299,45720.0,41820.0,64125.0,15406.4,6682.5,50002.38,0.0,0.0,1.0,,13.0
,Khatima,13-07-2025,28.909628,79.949147,299,45720.0,41820.0,64125.0,15406.4,6682.5,50002.38,0.0,1.0,1.0,,21.15
,Khatima,13-08-2023,28.909628,79.949147,299,45720.0,41820.0,64125.0,15406.4,6682.5,50002.38,1.0,1.0,1.0,,61.89
,Khatima,13-08-2024,28.909628,79.949147,299,45720.0,41820.0,64125.0,15406.4,6682.5,50002.38,0.0,0.0,0.0,,0.0
,Khatima,13-08-2025,28.909628,79.949147,299,45720.0,41820.0,64125.0,15406.4,6682.5,50002.38,1.0,1.0,1.0,,115.41
,Khatima,13-09-2023,28.909628,79.949147,299,45720.0,41820.0,64125.0,15406.4,6682.5,50002.38,0.0,0.0,0.0,,0.0
,Khatima,13-09-2024,28.909628,79.949147,299,45720.0,41820.0,64125.0,15406.4,6682.5,50002.38,1.0,1.0,1.0,,27.71
,Khatima,13-09-2025,28.909628,79.949147,299,45720.0,41820.0,64125.0,15406.4,6682.5,50002.38,0.0,0.0,0.0,,0.0
,Khatima,13-10-2023,28.909628,79.949147,299,45720.0,41820.0,64125.0,15406.4,6682.5,50002.38,0.0,0.0,0.0,,0.0
,Khatima,13-10-2024,28.909628,79.949147,299,45720.0,41820.0,64125.0,15406.4,6682.5,50002.38,0.0,0.0,0.0,,0.0
,Khatima,13-11-2023,28.909628,79.949147,299,45720.0,41820.0,64125.0,15406.4,6682.5,50002.38,0.0,0.0,0.0,,0.0
,Khatima,13-11-2024,28.909628,79.949147,299,45720.0,41820.0,64125.0,15406.4,6682.5,50002.38,0.0,0.0,0.0,,0.0
,Khatima,13-12-2023,28.909628,79.949147,299,45720.0,41820.0,64125.0,15406.4,6682.5,50002.38,0.0,0.0,0.0,,0.0
,Khatima,13-12-2024,28.909628,79.949147,299,45720.0,41820.0,64125.0,15406.4,6682.5,50002.38,0.0,0.0,0.0,,0.0
,Khatima,14-01-2023,28.909628,79.949147,299,45720.0,41820.0,64125.0,15406.4,6682.5,50002.38,0.0,0.0,0.0,,0.0
,Khatima,14-01-2024,28.909628,79.949147,299,45720.0,41820.0,64125.0,15406.4,6682.5,50002.38,0.0,0.0,0.0,,0.0
,Khatima,14-01-2025,28.909628,79.949147,299,45720.0,41820.0,64125.0,15406.4,6682.5,50002.38,0.0,0.0,0.0,,0.0
,Khatima,14-02-2023,28.909628,79.949147,299,45720.0,41820.0,64125.0,15406.4,6682.5,50002.38,0.0,0.0,0.0,,0.0
,Khatima,14-02-2024,28.909628,79.949147,299,45720.0,41820.0,64125.0,15406.4,6682.5,50002.38,0.0,0.0,0.0,,0.0
,Khatima,14-02-2025,28.909628,79.949147,299,45720.0,41820.0,64125.0,15406.4,6682.5,50002.38,0.0,0.0,0.0,,0.0
,Khatima,14-03-2023,28.909628,79.949147,299,45720.0,41820.0,64125.0,15406.4,6682.5,50002.38,0.0,0.0,0.0,,6.58
,Khatima,14-03-2024,28.909628,79.949147,299,45720.0,41820.0,64125.0,15406.4,6682.5,50002.38,0.0,0.0,0.0,,0.0
,Khatima,14-03-2025,28.909628,79.949147,299,45720.0,41820.0,64125.0,15406.4,6682.5,50002.38,0.0,0.0,0.0,,0.0
,Khatima,14-04-2023,28.909628,79.949147,299,45720.0,41820.0,64125.0,15406.4,6682.5,50002.38,0.0,0.0,0.0,,0.0
,Khatima,14-04-2024,28.909628,79.949147,299,45720.0,41820.0,64125.0,15406.4,6682.5,50002.38,0.0,0.0,0.0,,3.85
,Khatima,14-04-2025,28.909628,79.949147,299,45720.0,41820.0,64125.0,15406.4,6682.5,50002.38,0.0,0.0,0.0,,0.0
,Khatima,14-05-2023,28.909628,79.949147,299,45720.0,41820.0,64125.0,15406.4,6682.5,50002.38,0.0,0.0,0.0,,0.0
,Khatima,14-05-2024,28.909628,79.949147,299,45720.0,41820.0,64125.0,15406.4,6682.5,50002.38,0.0,0.0,0.0,,0.0
,Khatima,14-05-2025,28.909628,79.949147,299,45720.0,41820.0,64125.0,15406.4,6682.5,50002.38,0.0,0.0,0.0,,0.0
,Khatima,14-06-2023,28.909628,79.949147,299,45720.0,41820.0,64125.0,15406.4,6682.5,50002.38,0.0,0.0,0.0,,0.0
,Khatima,14-06-2024,28.909628,79.949147,299,45720.0,41820.0,64125.0,15406.4,6682.5,50002.38,0.0,0.0,0.0,,1.45
,Khatima,14-06-2025,28.909628,79.949147,299,45720.0,41820.0,64125.0,15406.4,6682.5,50002.38,0.0,0.0,0.0,,0.05
,Khatima,14-07-2023,28.909628,79.949147,299,45720.0,41820.0,64125.0,15406.4,6682.5,50002.38,0.0,0.0,1.0,,12.04
,Khatima,14-07-2024,28.909628,79.949147,299,45720.0,41820.0,64125.0,15406.4,6682.5,50002.38,0.0,0.0,0.0,,0.0
,Khatima,14-07-2025,28.909628,79.949147,299,45720.0,41820.0,64125.0,15406.4,6682.5,50002.38,0.0,0.0,0.0,,10.57
,Khatima,14-08-2023,28.909628,79.949147,299,45720.0,41820.0,64125.0,15406.4,6682.5,50002.38,0.0,0.0,0.0,,0.0
,Khatima,14-08-2024,28.909628,79.949147,299,45720.0,41820.0,64125.0,15406.4,6682.5,50002.38,0.0,0.0,0.0,,0.0
,Khatima,14-08-2025,28.909628,79.949147,299,45720.0,41820.0,64125.0,15406.4,6682.5,50002.38,1.0,1.0,1.0,,57.71
,Khatima,14-09-2023,28.909628,79.949147,299,45720.0,41820.0,64125.0,15406.4,6682.5,50002.38,0.0,0.0,0.0,,0.0
,Khatima,14-09-2024,28.909628,79.949147,299,45720.0,41820.0,64125.0,15406.4,6682.5,50002.38,0.0,0.0,0.0,,1.01
,Khatima,14-09-2025,28.909628,79.949147,299,45720.0,41820.0,64125.0,15406.4,6682.5,50002.38,0.0,0.0,1.0,,15.6
,Khatima,14-10-2023,28.909628,79.949147,299,45720.0,41820.0,64125.0,15406.4,6682.5,50002.38,0.0,0.0,0.0,,0.0
,Khatima,14-10-2024,28.909628,79.949147,299,45720.0,41820.0,64125.0,15406.4,6682.5,50002.38,0.0,0.0,0.0,,0.0
,Khatima,14-11-2023,28.909628,79.949147,299,45720.0,41820.0,64125.0,15406.4,6682.5,50002.38,0.0,0.0,0.0,,0.0
,Khatima,14-11-2024,28.909628,79.949147,299,45720.0,41820.0,64125.0,15406.4,6682.5,50002.38,0.0,0.0,0.0,,0.0
,Khatima,14-12-2023,28.909628,79.949147,299,45720.0,41820.0,64125.0,15406.4,6682.5,50002.38,0.0,0.0,0.0,,0.0
,Khatima,14-12-2024,28.909628,79.949147,299,45720.0,41820.0,64125.0,15406.4,6682.5,50002.38,0.0,0.0,0.0,,0.0
,Khatima,15-01-2023,28.909628,79.949147,299,45720.0,41820.0,64125.0,15406.4,6682.5,50002.38,0.0,0.0,0.0,,0.0
,Khatima,15-01-2024,28.909628,79.949147,299,45720.0,41820.0,64125.0,15406.4,6682.5,50002.38,0.0,0.0,0.0,,0.0
,Khatima,15-01-2025,28.909628,79.949147,299,45720.0,41820.0,64125.0,15406.4,6682.5,50002.38,0.0,0.0,0.0,,0.0
,Khatima,15-02-2023,28.909628,79.949147,299,45720.0,41820.0,64125.0,15406.4,6682.5,50002.38,0.0,0.0,0.0,,3.59
,Khatima,15-02-2024,28.909628,79.949147,299,45720.0,41820.0,64125.0,15406.4,6682.5,50002.38,0.0,0.0,0.0,,0.0
,Khatima,15-02-2025,28.909628,79.949147,299,45720.0,41820.0,64125.0,15406.4,6682.5,50002.38,0.0,0.0,0.0,,0.0
,Khatima,15-03-2023,28.909628,79.949147,299,45720.0,41820.0,64125.0,15406.4,6682.5,50002.38,0.0,0.0,0.0,,0.0
,Khatima,15-03-2024,28.909628,79.949147,299,45720.0,41820.0,64125.0,15406.4,6682.5,50002.38,0.0,0.0,0.0,,0.0
,Khatima,15-03-2025,28.909628,79.949147,299,45720.0,41820.0,64125.0,15406.4,6682.5,50002.38,0.0,0.0,0.0,,0.0
,Khatima,15-04-2023,28.909628,79.949147,299,45720.0,41820.0,64125.0,15406.4,6682.5,50002.38,0.0,0.0,0.0,,0.0
,Khatima,15-04-2024,28.909628,79.949147,299,45720.0,41820.0,64125.0,15406.4,6682.5,50002.38,0.0,0.0,0.0,,2.18
,Khatima,15-04-2025,28.909628,79.949147,299,45720.0,41820.0,64125.0,15406.4,6682.5,50002.38,0.0,0.0,0.0,,0.0
,Khatima,15-05-2023,28.909628,79.949147,299,45720.0,41820.0,64125.0,15406.4,6682.5,50002.38,0.0,0.0,0.0,,0.0
,Khatima,15-05-2024,28.909628,79.949147,299,45720.0,41820.0,64125.0,15406.4,6682.5,50002.38,0.0,0.0,0.0,,0.0
,Khatima,15-05-2025,28.909628,79.949147,299,45720.0,41820.0,64125.0,15406.4,6682.5,50002.38,0.0,0.0,0.0,,0.0
,Khatima,15-06-2023,28.909628,79.949147,299,45720.0,41820.0,64125.0,15406.4,6682.5,50002.38,0.0,0.0,0.0,,0.0
,Khatima,15-06-2024,28.909628,79.949147,299,45720.0,41820.0,64125.0,15406.4,6682.5,50002.38,0.0,0.0,0.0,,1.12
,Khatima,15-06-2025,28.909628,79.949147,299,45720.0,41820.0,64125.0,15406.4,6682.5,50002.38,0.0,1.0,1.0,,22.64
,Khatima,15-07-2023,28.909628,79.949147,299,45720.0,41820.0,64125.0,15406.4,6682.5,50002.38,0.0,0.0,1.0,,12.04
,Khatima,15-07-2024,28.909628,79.949147,299,45720.0,41820.0,64125.0,15406.4,6682.5,50002.38,0.0,0.0,0.0,,0.0
,Khatima,15-07-2025,28.909628,79.949147,299,45720.0,41820.0,64125.0,15406.4,6682.5,50002.38,0.0,0.0,0.0,,0.0
,Khatima,15-08-2023,28.909628,79.949147,299,45720.0,41820.0,64125.0,15406.4,6682.5,50002.38,0.0,0.0,0.0,,0.0
,Khatima,15-08-2024,28.909628,79.949147,299,45720.0,41820.0,64125.0,15406.4,6682.5,50002.38,0.0,0.0,0.0,,0.0
,Khatima,15-08-2025,28.909628,79.949147,299,45720.0,41820.0,64125.0,15406.4,6682.5,50002.38,0.0,0.0,0.0,,0.0
,Khatima,15-09-2023,28.909628,79.949147,299,45720.0,41820.0,64125.0,15406.4,6682.5,50002.38,1.0,1.0,1.0,,53.57
,Khatima,15-09-2024,28.909628,79.949147,299,45720.0,41820.0,64125.0,15406.4,6682.5,50002.38,0.0,0.0,0.0,,0.76
,Khatima,15-09-2025,28.909628,79.949147,299,45720.0,41820.0,64125.0,15406.4,6682.5,50002.38,0.0,0.0,0.0,,0.0
,Khatima,15-10-2023,28.909628,79.949147,299,45720.0,41820.0,64125.0,15406.4,6682.5,50002.38,0.0,0.0,0.0,,0.0
,Khatima,15-10-2024,28.909628,79.949147,299,45720.0,41820.0,64125.0,15406.4,6682.5,50002.38,0.0,0.0,0.0,,0.0
,Khatima,15-11-2023,28.909628,79.949147,299,45720.0,41820.0,64125.0,15406.4,6682.5,50002.38,0.0,0.0,0.0,,0.0
,Khatima,15-11-2024,28.909628,79.949147,299,45720.0,41820.0,64125.0,15406.4,6682.5,50002.38,0.0,0.0,0.0,,0.0
,Khatima,15-12-2023,28.909628,79.949147,299,45720.0,41820.0,64125.0,15406.4,6682.5,50002.38,0.0,0.0,0.0,,0.0
,Khatima,15-12-2024,28.909628,79.949147,299,45720.0,41820.0,64125.0,15406.4,6682.5,50002.38,0.0,0.0,0.0,,0.0
,Khatima,16-01-2023,28.909628,79.949147,299,45720.0,41820.0,64125.0,15406.4,6682.5,50002.38,0.0,0.0,0.0,,0.0
,Khatima,16-01-2024,28.909628,79.949147,299,45720.0,41820.0,64125.0,15406.4,6682.5,50002.38,0.0,0.0,0.0,,0.0
,Khatima,16-01-2025,28.909628,79.949147,299,45720.0,41820.0,64125.0,15406.4,6682.5,50002.38,0.0,0.0,0.0,,5.81
,Khatima,16-02-2023,28.909628,79.949147,299,45720.0,41820.0,64125.0,15406.4,6682.5,50002.38,0.0,0.0,0.0,,0.0
,Khatima,16-02-2024,28.909628,79.949147,299,45720.0,41820.0,64125.0,15406.4,6682.5,50002.38,0.0,0.0,0.0,,0.0
,Khatima,16-02-2025,28.909628,79.949147,299,45720.0,41820.0,64125.0,15406.4,6682.5,50002.38,0.0,0.0,0.0,,0.0
,Khatima,16-03-2023,28.909628,79.949147,299,45720.0,41820.0,64125.0,15406.4,6682.5,50002.38,0.0,0.0,0.0,,0.0
,Khatima,16-03-2024,28.909628,79.949147,299,45720.0,41820.0,64125.0,15406.4,6682.5,50002.38,0.0,0.0,0.0,,0.0
,Khatima,16-03-2025,28.909628,79.949147,299,45720.0,41820.0,64125.0,15406.4,6682.5,50002.38,0.0,0.0,0.0,,5.26
,Khatima,16-04-2023,28.909628,79.949147,299,45720.0,41820.0,64125.0,15406.4,6682.5,50002.38,0.0,0.0,0.0,,0.0
,Khatima,16-04-2024,28.909628,79.949147,299,45720.0,41820.0,64125.0,15406.4,6682.5,50002.38,0.0,0.0,0.0,,0.0
,Khatima,16-04-2025,28.909628,79.949147,299,45720.0,41820.0,64125.0,15406.4,6682.5,50002.38,0.0,0.0,0.0,,0.0
,Khatima,16-05-2023,28.909628,79.949147,299,45720.0,41820.0,64125.0,15406.4,6682.5,50002.38,0.0,0.0,0.0,,0.0
,Khatima,16-05-2024,28.909628,79.949147,299,45720.0,41820.0,64125.0,15406.4,6682.5,50002.38,0.0,0.0,0.0,,0.0
,Khatima,16-05-2025,28.909628,79.949147,299,45720.0,41820.0,64125.0,15406.4,6682.5,50002.38,0.0,0.0,0.0,,0.02
,Khatima,16-06-2023,28.909628,79.949147,299,45720.0,41820.0,64125.0,15406.4,6682.5,50002.38,0.0,0.0,0.0,,0.0
,Khatima,16-06-2024,28.909628,79.949147,299,45720.0,41820.0,64125.0,15406.4,6682.5,50002.38,0.0,0.0,0.0,,0.0
,Khatima,16-06-2025,28.909628,79.949147,299,45720.0,41820.0,64125.0,15406.4,6682.5,50002.38,0.0,0.0,1.0,,17.24
,Khatima,16-07-2023,28.909628,79.949147,299,45720.0,41820.0,64125.0,15406.4,6682.5,50002.38,0.0,0.0,0.0,,0.0
,Khatima,16-07-2024,28.909628,79.949147,299,45720.0,41820.0,64125.0,15406.4,6682.5,50002.38,0.0,0.0,0.0,,0.0
,Khatima,16-07-2025,28.909628,79.949147,299,45720.0,41820.0,64125.0,15406.4,6682.5,50002.38,0.0,0.0,0.0,,0.0
,Khatima,16-08-2023,28.909628,79.949147,299,45720.0,41820.0,64125.0,15406.4,6682.5,50002.38,0.0,0.0,0.0,,0.0
,Khatima,16-08-2024,28.909628,79.949147,299,45720.0,41820.0,64125.0,15406.4,6682.5,50002.38,0.0,0.0,0.0,,0.0
,Khatima,16-08-2025,28.909628,79.949147,299,45720.0,41820.0,64125.0,15406.4,6682.5,50002.38,0.0,1.0,1.0,,22.01
,Khatima,16-09-2023,28.909628,79.949147,299,45720.0,41820.0,64125.0,15406.4,6682.5,50002.38,0.0,0.0,0.0,,0.0
,Khatima,16-09-2024,28.909628,79.949147,299,45720.0,41820.0,64125.0,15406.4,6682.5,50002.38,0.0,0.0,0.0,,0.0
,Khatima,16-09-2025,28.909628,79.949147,299,45720.0,41820.0,64125.0,15406.4,6682.5,50002.38,0.0,0.0,0.0,,0.0
,Khatima,16-10-2023,28.909628,79.949147,299,45720.0,41820.0,64125.0,15406.4,6682.5,50002.38,1.0,1.0,1.0,,31.09
,Khatima,16-10-2024,28.909628,79.949147,299,45720.0,41820.0,64125.0,15406.4,6682.5,50002.38,0.0,0.0,0.0,,0.0
,Khatima,16-11-2023,28.909628,79.949147,299,45720.0,41820.0,64125.0,15406.4,6682.5,50002.38,0.0,0.0,0.0,,0.0
,Khatima,16-11-2024,28.909628,79.949147,299,45720.0,41820.0,64125.0,15406.4,6682.5,50002.38,0.0,0.0,0.0,,0.0
,Khatima,16-12-2023,28.909628,79.949147,299,45720.0,41820.0,64125.0,15406.4,6682.5,50002.38,0.0,0.0,0.0,,0.0
,Khatima,16-12-2024,28.909628,79.949147,299,45720.0,41820.0,64125.0,15406.4,6682.5,50002.38,0.0,0.0,0.0,,0.0
,Khatima,17-01-2023,28.909628,79.949147,299,45720.0,41820.0,64125.0,15406.4,6682.5,50002.38,0.0,0.0,0.0,,0.0
,Khatima,17-01-2024,28.909628,79.949147,299,45720.0,41820.0,64125.0,15406.4,6682.5,50002.38,0.0,0.0,0.0,,0.0
,Khatima,17-01-2025,28.909628,79.949147,299,45720.0,41820.0,64125.0,15406.4,6682.5,50002.38,0.0,0.0,0.0,,0.0
,Khatima,17-02-2023,28.909628,79.949147,299,45720.0,41820.0,64125.0,15406.4,6682.5,50002.38,0.0,0.0,0.0,,0.0
,Khatima,17-02-2024,28.909628,79.949147,299,45720.0,41820.0,64125.0,15406.4,6682.5,50002.38,0.0,0.0,0.0,,0.0
,Khatima,17-02-2025,28.909628,79.949147,299,45720.0,41820.0,64125.0,15406.4,6682.5,50002.38,0.0,0.0,0.0,,0.0
,Khatima,17-03-2023,28.909628,79.949147,299,45720.0,41820.0,64125.0,15406.4,6682.5,50002.38,0.0,0.0,0.0,,0.0
,Khatima,17-03-2024,28.909628,79.949147,299,45720.0,41820.0,64125.0,15406.4,6682.5,50002.38,0.0,0.0,0.0,,0.0
,Khatima,17-03-2025,28.909628,79.949147,299,45720.0,41820.0,64125.0,15406.4,6682.5,50002.38,0.0,0.0,0.0,,0.0
,Khatima,17-04-2023,28.909628,79.949147,299,45720.0,41820.0,64125.0,15406.4,6682.5,50002.38,0.0,0.0,0.0,,0.0
,Khatima,17-04-2024,28.909628,79.949147,299,45720.0,41820.0,64125.0,15406.4,6682.5,50002.38,0.0,0.0,0.0,,0.0
,Khatima,17-04-2025,28.909628,79.949147,299,45720.0,41820.0,64125.0,15406.4,6682.5,50002.38,0.0,0.0,0.0,,0.0
,Khatima,17-05-2023,28.909628,79.949147,299,45720.0,41820.0,64125.0,15406.4,6682.5,50002.38,0.0,0.0,0.0,,0.0
,Khatima,17-05-2024,28.909628,79.949147,299,45720.0,41820.0,64125.0,15406.4,6682.5,50002.38,0.0,0.0,0.0,,0.0
,Khatima,17-05-2025,28.909628,79.949147,299,45720.0,41820.0,64125.0,15406.4,6682.5,50002.38,0.0,0.0,0.0,,0.36
,Khatima,17-06-2023,28.909628,79.949147,299,45720.0,41820.0,64125.0,15406.4,6682.5,50002.38,0.0,0.0,0.0,,0.0
,Khatima,17-06-2024,28.909628,79.949147,299,45720.0,41820.0,64125.0,15406.4,6682.5,50002.38,0.0,0.0,0.0,,0.0
,Khatima,17-06-2025,28.909628,79.949147,299,45720.0,41820.0,64125.0,15406.4,6682.5,50002.38,0.0,0.0,1.0,,17.24
,Khatima,17-07-2023,28.909628,79.949147,299,45720.0,41820.0,64125.0,15406.4,6682.5,50002.38,0.0,0.0,0.0,,0.0
,Khatima,17-07-2024,28.909628,79.949147,299,45720.0,41820.0,64125.0,15406.4,6682.5,50002.38,0.0,0.0,0.0,,0.0
,Khatima,17-07-2025,28.909628,79.949147,299,45720.0,41820.0,64125.0,15406.4,6682.5,50002.38,0.0,0.0,0.0,,0.0
,Khatima,17-08-2023,28.909628,79.949147,299,45720.0,41820.0,64125.0,15406.4,6682.5,50002.38,1.0,1.0,1.0,,34.39
,Khatima,17-08-2024,28.909628,79.949147,299,45720.0,41820.0,64125.0,15406.4,6682.5,50002.38,0.0,0.0,1.0,,15.91
,Khatima,17-08-2025,28.909628,79.949147,299,45720.0,41820.0,64125.0,15406.4,6682.5,50002.38,0.0,0.0,0.0,,11.0
,Khatima,17-09-2023,28.909628,79.949147,299,45720.0,41820.0,64125.0,15406.4,6682.5,50002.38,1.0,1.0,1.0,,53.63
,Khatima,17-09-2024,28.909628,79.949147,299,45720.0,41820.0,64125.0,15406.4,6682.5,50002.38,0.0,0.0,1.0,,17.18
,Khatima,17-09-2025,28.909628,79.949147,299,45720.0,41820.0,64125.0,15406.4,6682.5,50002.38,1.0,1.0,1.0,,70.1
,Khatima,17-10-2023,28.909628,79.949147,299,45720.0,41820.0,64125.0,15406.4,6682.5,50002.38,0.0,0.0,0.0,,0.0
,Khatima,17-10-2024,28.909628,79.949147,299,45720.0,41820.0,64125.0,15406.4,6682.5,50002.38,0.0,0.0,0.0,,0.0
,Khatima,17-11-2023,28.909628,79.949147,299,45720.0,41820.0,64125.0,15406.4,6682.5,50002.38,0.0,0.0,0.0,,0.0
,Khatima,17-11-2024,28.909628,79.949147,299,45720.0,41820.0,64125.0,15406.4,6682.5,50002.38,0.0,0.0,0.0,,0.0
,Khatima,17-12-2023,28.909628,79.949147,299,45720.0,41820.0,64125.0,15406.4,6682.5,50002.38,0.0,0.0,0.0,,0.0
,Khatima,17-12-2024,28.909628,79.949147,299,45720.0,41820.0,64125.0,15406.4,6682.5,50002.38,0.0,0.0,0.0,,0.0
,Khatima,18-01-2023,28.909628,79.949147,299,45720.0,41820.0,64125.0,15406.4,6682.5,50002.38,0.0,0.0,0.0,,0.0
,Khatima,18-01-2024,28.909628,79.949147,299,45720.0,41820.0,64125.0,15406.4,6682.5,50002.38,0.0,0.0,0.0,,0.0
,Khatima,18-01-2025,28.909628,79.949147,299,45720.0,41820.0,64125.0,15406.4,6682.5,50002.38,0.0,0.0,0.0,,0.0
,Khatima,18-02-2023,28.909628,79.949147,299,45720.0,41820.0,64125.0,15406.4,6682.5,50002.38,0.0,0.0,0.0,,0.0
,Khatima,18-02-2024,28.909628,79.949147,299,45720.0,41820.0,64125.0,15406.4,6682.5,50002.38,0.0,0.0,0.0,,0.0
,Khatima,18-02-2025,28.909628,79.949147,299,45720.0,41820.0,64125.0,15406.4,6682.5,50002.38,0.0,0.0,0.0,,0.0
,Khatima,18-03-2023,28.909628,79.949147,299,45720.0,41820.0,64125.0,15406.4,6682.5,50002.38,0.0,0.0,0.0,,0.0
,Khatima,18-03-2024,28.909628,79.949147,299,45720.0,41820.0,64125.0,15406.4,6682.5,50002.38,0.0,0.0,0.0,,0.0
,Khatima,18-03-2025,28.909628,79.949147,299,45720.0,41820.0,64125.0,15406.4,6682.5,50002.38,0.0,0.0,0.0,,0.0
,Khatima,18-04-2023,28.909628,79.949147,299,45720.0,41820.0,64125.0,15406.4,6682.5,50002.38,0.0,0.0,0.0,,0.0
,Khatima,18-04-2024,28.909628,79.949147,299,45720.0,41820.0,64125.0,15406.4,6682.5,50002.38,0.0,0.0,0.0,,0.0
,Khatima,18-04-2025,28.909628,79.949147,299,45720.0,41820.0,64125.0,15406.4,6682.5,50002.38,0.0,0.0,0.0,,3.42
,Khatima,18-05-2023,28.909628,79.949147,299,45720.0,41820.0,64125.0,15406.4,6682.5,50002.38,0.0,0.0,0.0,,0.0
,Khatima,18-05-2024,28.909628,79.949147,299,45720.0,41820.0,64125.0,15406.4,6682.5,50002.38,0.0,0.0,0.0,,7.08
,Khatima,18-05-2025,28.909628,79.949147,299,45720.0,41820.0,64125.0,15406.4,6682.5,50002.38,0.0,0.0,0.0,,0.0
,Khatima,18-06-2023,28.909628,79.949147,299,45720.0,41820.0,64125.0,15406.4,6682.5,50002.38,0.0,0.0,0.0,,0.0
,Khatima,18-06-2024,28.909628,79.949147,299,45720.0,41820.0,64125.0,15406.4,6682.5,50002.38,0.0,0.0,0.0,,0.0
,Khatima,18-06-2025,28.909628,79.949147,299,45720.0,41820.0,64125.0,15406.4,6682.5,50002.38,0.0,0.0,0.0,,0.0
,Khatima,18-07-2023,28.909628,79.949147,299,45720.0,41820.0,64125.0,15406.4,6682.5,50002.38,1.0,1.0,1.0,,32.42
,Khatima,18-07-2024,28.909628,79.949147,299,45720.0,41820.0,64125.0,15406.4,6682.5,50002.38,0.0,0.0,0.0,,0.0
,Khatima,18-07-2025,28.909628,79.949147,299,45720.0,41820.0,64125.0,15406.4,6682.5,50002.38,0.0,0.0,0.0,,0.0
,Khatima,18-08-2023,28.909628,79.949147,299,45720.0,41820.0,64125.0,15406.4,6682.5,50002.38,0.0,0.0,0.0,,8.6
,Khatima,18-08-2024,28.909628,79.949147,299,45720.0,41820.0,64125.0,15406.4,6682.5,50002.38,1.0,1.0,1.0,,63.62
,Khatima,18-08-2025,28.909628,79.949147,299,45720.0,41820.0,64125.0,15406.4,6682.5,50002.38,0.0,0.0,0.0,,0.0
,Khatima,18-09-2023,28.909628,79.949147,299,45720.0,41820.0,64125.0,15406.4,6682.5,50002.38,0.0,0.0,0.0,,0.0
,Khatima,18-09-2024,28.909628,79.949147,299,45720.0,41820.0,64125.0,15406.4,6682.5,50002.38,0.0,0.0,1.0,,17.18
,Khatima,18-09-2025,28.909628,79.949147,299,45720.0,41820.0,64125.0,15406.4,6682.5,50002.38,0.0,0.0,0.0,,0.0
,Khatima,18-10-2023,28.909628,79.949147,299,45720.0,41820.0,64125.0,15406.4,6682.5,50002.38,0.0,0.0,0.0,,0.0
,Khatima,18-10-2024,28.909628,79.949147,299,45720.0,41820.0,64125.0,15406.4,6682.5,50002.38,0.0,0.0,0.0,,0.0
,Khatima,18-11-2023,28.909628,79.949147,299,45720.0,41820.0,64125.0,15406.4,6682.5,50002.38,0.0,0.0,0.0,,0.0
,Khatima,18-11-2024,28.909628,79.949147,299,45720.0,41820.0,64125.0,15406.4,6682.5,50002.38,0.0,0.0,0.0,,0.0
,Khatima,18-12-2023,28.909628,79.949147,299,45720.0,41820.0,64125.0,15406.4,6682.5,50002.38,0.0,0.0,0.0,,0.0
,Khatima,18-12-2024,28.909628,79.949147,299,45720.0,41820.0,64125.0,15406.4,6682.5,50002.38,0.0,0.0,0.0,,0.0
,Khatima,19-01-2023,28.909628,79.949147,299,45720.0,41820.0,64125.0,15406.4,6682.5,50002.38,0.0,0.0,0.0,,8.39
,Khatima,19-01-2024,28.909628,79.949147,299,45720.0,41820.0,64125.0,15406.4,6682.5,50002.38,0.0,0.0,0.0,,0.0
,Khatima,19-01-2025,28.909628,79.949147,299,45720.0,41820.0,64125.0,15406.4,6682.5,50002.38,0.0,0.0,0.0,,0.0
,Khatima,19-02-2023,28.909628,79.949147,299,45720.0,41820.0,64125.0,15406.4,6682.5,50002.38,0.0,0.0,0.0,,0.0
,Khatima,19-02-2024,28.909628,79.949147,299,45720.0,41820.0,64125.0,15406.4,6682.5,50002.38,0.0,0.0,0.0,,0.0
,Khatima,19-02-2025,28.909628,79.949147,299,45720.0,41820.0,64125.0,15406.4,6682.5,50002.38,0.0,0.0,0.0,,0.0
,Khatima,19-03-2023,28.909628,79.949147,299,45720.0,41820.0,64125.0,15406.4,6682.5,50002.38,0.0,0.0,0.0,,0.0
,Khatima,19-03-2024,28.909628,79.949147,299,45720.0,41820.0,64125.0,15406.4,6682.5,50002.38,0.0,0.0,0.0,,0.0
,Khatima,19-03-2025,28.909628,79.949147,299,45720.0,41820.0,64125.0,15406.4,6682.5,50002.38,0.0,0.0,0.0,,0.0
,Khatima,19-04-2023,28.909628,79.949147,299,45720.0,41820.0,64125.0,15406.4,6682.5,50002.38,0.0,0.0,0.0,,0.0
,Khatima,19-04-2024,28.909628,79.949147,299,45720.0,41820.0,64125.0,15406.4,6682.5,50002.38,0.0,0.0,0.0,,0.0
,Khatima,19-04-2025,28.909628,79.949147,299,45720.0,41820.0,64125.0,15406.4,6682.5,50002.38,0.0,0.0,0.0,,0.0
,Khatima,19-05-2023,28.909628,79.949147,299,45720.0,41820.0,64125.0,15406.4,6682.5,50002.38,0.0,0.0,0.0,,0.0
,Khatima,19-05-2024,28.909628,79.949147,299,45720.0,41820.0,64125.0,15406.4,6682.5,50002.38,0.0,0.0,0.0,,0.0
,Khatima,19-05-2025,28.909628,79.949147,299,45720.0,41820.0,64125.0,15406.4,6682.5,50002.38,0.0,0.0,0.0,,0.76
,Khatima,19-06-2023,28.909628,79.949147,299,45720.0,41820.0,64125.0,15406.4,6682.5,50002.38,0.0,0.0,0.0,,0.0
,Khatima,19-06-2024,28.909628,79.949147,299,45720.0,41820.0,64125.0,15406.4,6682.5,50002.38,0.0,0.0,0.0,,0.0
,Khatima,19-06-2025,28.909628,79.949147,299,45720.0,41820.0,64125.0,15406.4,6682.5,50002.38,0.0,0.0,0.0,,0.0
,Khatima,19-07-2023,28.909628,79.949147,299,45720.0,41820.0,64125.0,15406.4,6682.5,50002.38,0.0,0.0,0.0,,0.0
,Khatima,19-07-2024,28.909628,79.949147,299,45720.0,41820.0,64125.0,15406.4,6682.5,50002.38,0.0,0.0,1.0,,13.46
,Khatima,19-07-2025,28.909628,79.949147,299,45720.0,41820.0,64125.0,15406.4,6682.5,50002.38,0.0,0.0,0.0,,0.0
,Khatima,19-08-2023,28.909628,79.949147,299,45720.0,41820.0,64125.0,15406.4,6682.5,50002.38,0.0,0.0,0.0,,0.0
,Khatima,19-08-2024,28.909628,79.949147,299,45720.0,41820.0,64125.0,15406.4,6682.5,50002.38,0.0,0.0,1.0,,15.91
,Khatima,19-08-2025,28.909628,79.949147,299,45720.0,41820.0,64125.0,15406.4,6682.5,50002.38,0.0,0.0,0.0,,0.0
,Khatima,19-09-2023,28.909628,79.949147,299,45720.0,41820.0,64125.0,15406.4,6682.5,50002.38,0.0,0.0,0.0,,0.0
,Khatima,19-09-2024,28.909628,79.949147,299,45720.0,41820.0,64125.0,15406.4,6682.5,50002.38,0.0,0.0,0.0,,0.0
,Khatima,19-09-2025,28.909628,79.949147,299,45720.0,41820.0,64125.0,15406.4,6682.5,50002.38,0.0,0.0,0.0,,0.0
,Khatima,19-10-2023,28.909628,79.949147,299,45720.0,41820.0,64125.0,15406.4,6682.5,50002.38,0.0,0.0,0.0,,0.0
,Khatima,19-10-2024,28.909628,79.949147,299,45720.0,41820.0,64125.0,15406.4,6682.5,50002.38,0.0,0.0,0.0,,0.0
,Khatima,19-11-2023,28.909628,79.949147,299,45720.0,41820.0,64125.0,15406.4,6682.5,50002.38,0.0,0.0,0.0,,0.0
,Khatima,19-11-2024,28.909628,79.949147,299,45720.0,41820.0,64125.0,15406.4,6682.5,50002.38,0.0,0.0,0.0,,0.0
,Khatima,19-12-2023,28.909628,79.949147,299,45720.0,41820.0,64125.0,15406.4,6682.5,50002.38,0.0,0.0,0.0,,0.0
,Khatima,19-12-2024,28.909628,79.949147,299,45720.0,41820.0,64125.0,15406.4,6682.5,50002.38,0.0,0.0,0.0,,0.0
,Khatima,20-01-2023,28.909628,79.949147,299,45720.0,41820.0,64125.0,15406.4,6682.5,50002.38,0.0,0.0,0.0,,0.0
,Khatima,20-01-2024,28.909628,79.949147,299,45720.0,41820.0,64125.0,15406.4,6682.5,50002.38,0.0,0.0,0.0,,0.0
,Khatima,20-01-2025,28.909628,79.949147,299,45720.0,41820.0,64125.0,15406.4,6682.5,50002.38,0.0,0.0,0.0,,0.0
,Khatima,20-02-2023,28.909628,79.949147,299,45720.0,41820.0,64125.0,15406.4,6682.5,50002.38,0.0,0.0,0.0,,6.22
,Khatima,20-02-2024,28.909628,79.949147,299,45720.0,41820.0,64125.0,15406.4,6682.5,50002.38,0.0,0.0,0.0,,0.0
,Khatima,20-02-2025,28.909628,79.949147,299,45720.0,41820.0,64125.0,15406.4,6682.5,50002.38,0.0,0.0,0.0,,0.0
,Khatima,20-03-2023,28.909628,79.949147,299,45720.0,41820.0,64125.0,15406.4,6682.5,50002.38,0.0,1.0,1.0,,26.84
,Khatima,20-03-2024,28.909628,79.949147,299,45720.0,41820.0,64125.0,15406.4,6682.5,50002.38,0.0,0.0,0.0,,0.0
,Khatima,20-03-2025,28.909628,79.949147,299,45720.0,41820.0,64125.0,15406.4,6682.5,50002.38,0.0,0.0,0.0,,0.0
,Khatima,20-04-2023,28.909628,79.949147,299,45720.0,41820.0,64125.0,15406.4,6682.5,50002.38,0.0,0.0,0.0,,7.54
,Khatima,20-04-2024,28.909628,79.949147,299,45720.0,41820.0,64125.0,15406.4,6682.5,50002.38,0.0,0.0,0.0,,0.0
,Khatima,20-04-2025,28.909628,79.949147,299,45720.0,41820.0,64125.0,15406.4,6682.5,50002.38,0.0,0.0,0.0,,0.0
,Khatima,20-05-2023,28.909628,79.949147,299,45720.0,41820.0,64125.0,15406.4,6682.5,50002.38,0.0,0.0,0.0,,0.0
,Khatima,20-05-2024,28.909628,79.949147,299,45720.0,41820.0,64125.0,15406.4,6682.5,50002.38,0.0,0.0,0.0,,0.0
,Khatima,20-05-2025,28.909628,79.949147,299,45720.0,41820.0,64125.0,15406.4,6682.5,50002.38,0.0,0.0,0.0,,4.21
,Khatima,20-06-2023,28.909628,79.949147,299,45720.0,41820.0,64125.0,15406.4,6682.5,50002.38,0.0,0.0,0.0,,0.0
,Khatima,20-06-2024,28.909628,79.949147,299,45720.0,41820.0,64125.0,15406.4,6682.5,50002.38,0.0,0.0,0.0,,0.0
,Khatima,20-06-2025,28.909628,79.949147,299,45720.0,41820.0,64125.0,15406.4,6682.5,50002.38,0.0,0.0,1.0,,17.24
,Khatima,20-07-2023,28.909628,79.949147,299,45720.0,41820.0,64125.0,15406.4,6682.5,50002.38,0.0,0.0,0.0,,0.0
,Khatima,20-07-2024,28.909628,79.949147,299,45720.0,41820.0,64125.0,15406.4,6682.5,50002.38,0.0,0.0,0.0,,0.0
,Khatima,20-07-2025,28.909628,79.949147,299,45720.0,41820.0,64125.0,15406.4,6682.5,50002.38,1.0,1.0,1.0,,53.56
,Khatima,20-08-2023,28.909628,79.949147,299,45720.0,41820.0,64125.0,15406.4,6682.5,50002.38,0.0,0.0,0.0,,0.0
,Khatima,20-08-2024,28.909628,79.949147,299,45720.0,41820.0,64125.0,15406.4,6682.5,50002.38,0.0,0.0,1.0,,15.91
,Khatima,20-08-2025,28.909628,79.949147,299,45720.0,41820.0,64125.0,15406.4,6682.5,50002.38,0.0,0.0,0.0,,0.0
,Khatima,20-09-2023,28.909628,79.949147,299,45720.0,41820.0,64125.0,15406.4,6682.5,50002.38,0.0,0.0,0.0,,0.0
,Khatima,20-09-2024,28.909628,79.949147,299,45720.0,41820.0,64125.0,15406.4,6682.5,50002.38,0.0,0.0,0.0,,0.0
,Khatima,20-09-2025,28.909628,79.949147,299,45720.0,41820.0,64125.0,15406.4,6682.5,50002.38,0.0,0.0,0.0,,0.0
,Khatima,20-10-2023,28.909628,79.949147,299,45720.0,41820.0,64125.0,15406.4,6682.5,50002.38,0.0,0.0,0.0,,0.0
,Khatima,20-10-2024,28.909628,79.949147,299,45720.0,41820.0,64125.0,15406.4,6682.5,50002.38,0.0,0.0,0.0,,0.0
,Khatima,20-11-2023,28.909628,79.949147,299,45720.0,41820.0,64125.0,15406.4,6682.5,50002.38,0.0,0.0,0.0,,0.0
,Khatima,20-11-2024,28.909628,79.949147,299,45720.0,41820.0,64125.0,15406.4,6682.5,50002.38,0.0,0.0,0.0,,0.0
,Khatima,20-12-2023,28.909628,79.949147,299,45720.0,41820.0,64125.0,15406.4,6682.5,50002.38,0.0,0.0,0.0,,0.0
,Khatima,20-12-2024,28.909628,79.949147,299,45720.0,41820.0,64125.0,15406.4,6682.5,50002.38,0.0,0.0,0.0,,0.0
,Khatima,21-01-2023,28.909628,79.949147,299,45720.0,41820.0,64125.0,15406.4,6682.5,50002.38,0.0,0.0,0.0,,0.0
,Khatima,21-01-2024,28.909628,79.949147,299,45720.0,41820.0,64125.0,15406.4,6682.5,50002.38,0.0,0.0,0.0,,0.0
,Khatima,21-01-2025,28.909628,79.949147,299,45720.0,41820.0,64125.0,15406.4,6682.5,50002.38,0.0,0.0,0.0,,0.0
,Khatima,21-02-2023,28.909628,79.949147,299,45720.0,41820.0,64125.0,15406.4,6682.5,50002.38,0.0,0.0,0.0,,0.0
,Khatima,21-02-2024,28.909628,79.949147,299,45720.0,41820.0,64125.0,15406.4,6682.5,50002.38,0.0,0.0,0.0,,0.0
,Khatima,21-02-2025,28.909628,79.949147,299,45720.0,41820.0,64125.0,15406.4,6682.5,50002.38,0.0,0.0,0.0,,0.0
,Khatima,21-03-2023,28.909628,79.949147,299,45720.0,41820.0,64125.0,15406.4,6682.5,50002.38,1.0,1.0,1.0,,41.07
,Khatima,21-03-2024,28.909628,79.949147,299,45720.0,41820.0,64125.0,15406.4,6682.5,50002.38,0.0,0.0,0.0,,0.0
,Khatima,21-03-2025,28.909628,79.949147,299,45720.0,41820.0,64125.0,15406.4,6682.5,50002.38,0.0,0.0,0.0,,0.0
,Khatima,21-04-2023,28.909628,79.949147,299,45720.0,41820.0,64125.0,15406.4,6682.5,50002.38,0.0,0.0,0.0,,0.0
,Khatima,21-04-2024,28.909628,79.949147,299,45720.0,41820.0,64125.0,15406.4,6682.5,50002.38,0.0,0.0,0.0,,0.0
,Khatima,21-04-2025,28.909628,79.949147,299,45720.0,41820.0,64125.0,15406.4,6682.5,50002.38,0.0,0.0,0.0,,0.0
,Khatima,21-05-2023,28.909628,79.949147,299,45720.0,41820.0,64125.0,15406.4,6682.5,50002.38,0.0,0.0,0.0,,0.0
,Khatima,21-05-2024,28.909628,79.949147,299,45720.0,41820.0,64125.0,15406.4,6682.5,50002.38,0.0,0.0,0.0,,0.0
,Khatima,21-05-2025,28.909628,79.949147,299,45720.0,41820.0,64125.0,15406.4,6682.5,50002.38,1.0,1.0,1.0,,53.3
,Khatima,21-06-2023,28.909628,79.949147,299,45720.0,41820.0,64125.0,15406.4,6682.5,50002.38,0.0,0.0,0.0,,0.0
,Khatima,21-06-2024,28.909628,79.949147,299,45720.0,41820.0,64125.0,15406.4,6682.5,50002.38,0.0,0.0,0.0,,0.0
,Khatima,21-06-2025,28.909628,79.949147,299,45720.0,41820.0,64125.0,15406.4,6682.5,50002.38,0.0,0.0,0.0,,0.0
,Khatima,21-07-2023,28.909628,79.949147,299,45720.0,41820.0,64125.0,15406.4,6682.5,50002.38,0.0,0.0,1.0,,15.86
,Khatima,21-07-2024,28.909628,79.949147,299,45720.0,41820.0,64125.0,15406.4,6682.5,50002.38,0.0,0.0,0.0,,0.0
,Khatima,21-07-2025,28.909628,79.949147,299,45720.0,41820.0,64125.0,15406.4,6682.5,50002.38,0.0,0.0,0.0,,0.0
,Khatima,21-08-2023,28.909628,79.949147,299,45720.0,41820.0,64125.0,15406.4,6682.5,50002.38,0.0,0.0,1.0,,12.15
,Khatima,21-08-2024,28.909628,79.949147,299,45720.0,41820.0,64125.0,15406.4,6682.5,50002.38,0.0,1.0,1.0,,21.14
,Khatima,21-08-2025,28.909628,79.949147,299,45720.0,41820.0,64125.0,15406.4,6682.5,50002.38,0.0,1.0,1.0,,20.44
,Khatima,21-09-2023,28.909628,79.949147,299,45720.0,41820.0,64125.0,15406.4,6682.5,50002.38,0.0,0.0,0.0,,0.0
,Khatima,21-09-2024,28.909628,79.949147,299,45720.0,41820.0,64125.0,15406.4,6682.5,50002.38,0.0,0.0,0.0,,0.0
,Khatima,21-09-2025,28.909628,79.949147,299,45720.0,41820.0,64125.0,15406.4,6682.5,50002.38,0.0,0.0,0.0,,0.0
,Khatima,21-10-2023,28.909628,79.949147,299,45720.0,41820.0,64125.0,15406.4,6682.5,50002.38,0.0,0.0,0.0,,0.0
,Khatima,21-10-2024,28.909628,79.949147,299,45720.0,41820.0,64125.0,15406.4,6682.5,50002.38,0.0,0.0,0.0,,0.0
,Khatima,21-11-2023,28.909628,79.949147,299,45720.0,41820.0,64125.0,15406.4,6682.5,50002.38,0.0,0.0,0.0,,0.0
,Khatima,21-11-2024,28.909628,79.949147,299,45720.0,41820.0,64125.0,15406.4,6682.5,50002.38,0.0,0.0,0.0,,0.0
,Khatima,21-12-2023,28.909628,79.949147,299,45720.0,41820.0,64125.0,15406.4,6682.5,50002.38,0.0,0.0,0.0,,0.0
,Khatima,21-12-2024,28.909628,79.949147,299,45720.0,41820.0,64125.0,15406.4,6682.5,50002.38,0.0,0.0,0.0,,0.0
,Khatima,22-01-2023,28.909628,79.949147,299,45720.0,41820.0,64125.0,15406.4,6682.5,50002.38,0.0,0.0,0.0,,0.0
,Khatima,22-01-2024,28.909628,79.949147,299,45720.0,41820.0,64125.0,15406.4,6682.5,50002.38,0.0,0.0,0.0,,0.0
,Khatima,22-01-2025,28.909628,79.949147,299,45720.0,41820.0,64125.0,15406.4,6682.5,50002.38,0.0,0.0,0.0,,0.0
,Khatima,22-02-2023,28.909628,79.949147,299,45720.0,41820.0,64125.0,15406.4,6682.5,50002.38,0.0,0.0,0.0,,0.0
,Khatima,22-02-2024,28.909628,79.949147,299,45720.0,41820.0,64125.0,15406.4,6682.5,50002.38,0.0,0.0,0.0,,0.0
,Khatima,22-02-2025,28.909628,79.949147,299,45720.0,41820.0,64125.0,15406.4,6682.5,50002.38,0.0,0.0,0.0,,0.0
,Khatima,22-03-2023,28.909628,79.949147,299,45720.0,41820.0,64125.0,15406.4,6682.5,50002.38,0.0,0.0,0.0,,0.0
,Khatima,22-03-2024,28.909628,79.949147,299,45720.0,41820.0,64125.0,15406.4,6682.5,50002.38,0.0,0.0,0.0,,0.0
,Khatima,22-03-2025,28.909628,79.949147,299,45720.0,41820.0,64125.0,15406.4,6682.5,50002.38,0.0,0.0,0.0,,0.0
,Khatima,22-04-2023,28.909628,79.949147,299,45720.0,41820.0,64125.0,15406.4,6682.5,50002.38,0.0,0.0,0.0,,0.0
,Khatima,22-04-2024,28.909628,79.949147,299,45720.0,41820.0,64125.0,15406.4,6682.5,50002.38,0.0,0.0,0.0,,0.0
,Khatima,22-04-2025,28.909628,79.949147,299,45720.0,41820.0,64125.0,15406.4,6682.5,50002.38,0.0,0.0,0.0,,0.0
,Khatima,22-05-2023,28.909628,79.949147,299,45720.0,41820.0,64125.0,15406.4,6682.5,50002.38,0.0,0.0,1.0,,18.31
,Khatima,22-05-2024,28.909628,79.949147,299,45720.0,41820.0,64125.0,15406.4,6682.5,50002.38,0.0,0.0,0.0,,0.0
,Khatima,22-05-2025,28.909628,79.949147,299,45720.0,41820.0,64125.0,15406.4,6682.5,50002.38,0.0,0.0,0.0,,0.0
,Khatima,22-06-2023,28.909628,79.949147,299,45720.0,41820.0,64125.0,15406.4,6682.5,50002.38,0.0,1.0,1.0,,22.22
,Khatima,22-06-2024,28.909628,79.949147,299,45720.0,41820.0,64125.0,15406.4,6682.5,50002.38,0.0,0.0,0.0,,0.0
,Khatima,22-06-2025,28.909628,79.949147,299,45720.0,41820.0,64125.0,15406.4,6682.5,50002.38,0.0,0.0,0.0,,0.0
,Khatima,22-07-2023,28.909628,79.949147,299,45720.0,41820.0,64125.0,15406.4,6682.5,50002.38,0.0,0.0,0.0,,7.93
,Khatima,22-07-2024,28.909628,79.949147,299,45720.0,41820.0,64125.0,15406.4,6682.5,50002.38,0.0,0.0,0.0,,0.0
,Khatima,22-07-2025,28.909628,79.949147,299,45720.0,41820.0,64125.0,15406.4,6682.5,50002.38,0.0,0.0,0.0,,0.0
,Khatima,22-08-2023,28.909628,79.949147,299,45720.0,41820.0,64125.0,15406.4,6682.5,50002.38,1.0,1.0,1.0,,85.02
,Khatima,22-08-2024,28.909628,79.949147,299,45720.0,41820.0,64125.0,15406.4,6682.5,50002.38,0.0,0.0,1.0,,17.7
,Khatima,22-08-2025,28.909628,79.949147,299,45720.0,41820.0,64125.0,15406.4,6682.5,50002.38,0.0,0.0,0.0,,0.0
,Khatima,22-09-2023,28.909628,79.949147,299,45720.0,41820.0,64125.0,15406.4,6682.5,50002.38,0.0,1.0,1.0,,27.27
,Khatima,22-09-2024,28.909628,79.949147,299,45720.0,41820.0,64125.0,15406.4,6682.5,50002.38,0.0,0.0,0.0,,0.0
,Khatima,22-09-2025,28.909628,79.949147,299,45720.0,41820.0,64125.0,15406.4,6682.5,50002.38,0.0,0.0,0.0,,0.0
,Khatima,22-10-2023,28.909628,79.949147,299,45720.0,41820.0,64125.0,15406.4,6682.5,50002.38,0.0,0.0,0.0,,0.0
,Khatima,22-10-2024,28.909628,79.949147,299,45720.0,41820.0,64125.0,15406.4,6682.5,50002.38,0.0,0.0,0.0,,0.0
,Khatima,22-11-2023,28.909628,79.949147,299,45720.0,41820.0,64125.0,15406.4,6682.5,50002.38,0.0,0.0,0.0,,0.0
,Khatima,22-11-2024,28.909628,79.949147,299,45720.0,41820.0,64125.0,15406.4,6682.5,50002.38,0.0,0.0,0.0,,0.0
,Khatima,22-12-2023,28.909628,79.949147,299,45720.0,41820.0,64125.0,15406.4,6682.5,50002.38,0.0,0.0,0.0,,0.0
,Khatima,22-12-2024,28.909628,79.949147,299,45720.0,41820.0,64125.0,15406.4,6682.5,50002.38,0.0,0.0,0.0,,0.0
,Khatima,23-01-2023,28.909628,79.949147,299,45720.0,41820.0,64125.0,15406.4,6682.5,50002.38,0.0,0.0,0.0,,0.0
,Khatima,23-01-2024,28.909628,79.949147,299,45720.0,41820.0,64125.0,15406.4,6682.5,50002.38,0.0,0.0,0.0,,0.0
,Khatima,23-01-2025,28.909628,79.949147,299,45720.0,41820.0,64125.0,15406.4,6682.5,50002.38,0.0,0.0,0.0,,0.0
,Khatima,23-02-2023,28.909628,79.949147,299,45720.0,41820.0,64125.0,15406.4,6682.5,50002.38,0.0,0.0,0.0,,0.0
,Khatima,23-02-2024,28.909628,79.949147,299,45720.0,41820.0,64125.0,15406.4,6682.5,50002.38,0.0,0.0,0.0,,0.0
,Khatima,23-02-2025,28.909628,79.949147,299,45720.0,41820.0,64125.0,15406.4,6682.5,50002.38,0.0,0.0,0.0,,0.0
,Khatima,23-03-2023,28.909628,79.949147,299,45720.0,41820.0,64125.0,15406.4,6682.5,50002.38,0.0,0.0,0.0,,0.0
,Khatima,23-03-2024,28.909628,79.949147,299,45720.0,41820.0,64125.0,15406.4,6682.5,50002.38,0.0,0.0,0.0,,0.0
,Khatima,23-03-2025,28.909628,79.949147,299,45720.0,41820.0,64125.0,15406.4,6682.5,50002.38,0.0,0.0,0.0,,0.0
,Khatima,23-04-2023,28.909628,79.949147,299,45720.0,41820.0,64125.0,15406.4,6682.5,50002.38,0.0,0.0,0.0,,0.0
,Khatima,23-04-2024,28.909628,79.949147,299,45720.0,41820.0,64125.0,15406.4,6682.5,50002.38,0.0,0.0,0.0,,0.0
,Khatima,23-04-2025,28.909628,79.949147,299,45720.0,41820.0,64125.0,15406.4,6682.5,50002.38,0.0,0.0,0.0,,0.0
,Khatima,23-05-2023,28.909628,79.949147,299,45720.0,41820.0,64125.0,15406.4,6682.5,50002.38,1.0,1.0,1.0,,36.63
,Khatima,23-05-2024,28.909628,79.949147,299,45720.0,41820.0,64125.0,15406.4,6682.5,50002.38,0.0,0.0,0.0,,0.0
,Khatima,23-05-2025,28.909628,79.949147,299,45720.0,41820.0,64125.0,15406.4,6682.5,50002.38,0.0,0.0,0.0,,0.0
,Khatima,23-06-2023,28.909628,79.949147,299,45720.0,41820.0,64125.0,15406.4,6682.5,50002.38,0.0,0.0,1.0,,11.11
,Khatima,23-06-2024,28.909628,79.949147,299,45720.0,41820.0,64125.0,15406.4,6682.5,50002.38,0.0,0.0,0.0,,0.0
,Khatima,23-06-2025,28.909628,79.949147,299,45720.0,41820.0,64125.0,15406.4,6682.5,50002.38,0.0,0.0,0.0,,0.0
,Khatima,23-07-2023,28.909628,79.949147,299,45720.0,41820.0,64125.0,15406.4,6682.5,50002.38,0.0,0.0,0.0,,0.0
,Khatima,23-07-2024,28.909628,79.949147,299,45720.0,41820.0,64125.0,15406.4,6682.5,50002.38,0.0,0.0,0.0,,0.0
,Khatima,23-07-2025,28.909628,79.949147,299,45720.0,41820.0,64125.0,15406.4,6682.5,50002.38,0.0,0.0,0.0,,0.0
,Khatima,23-08-2023,28.909628,79.949147,299,45720.0,41820.0,64125.0,15406.4,6682.5,50002.38,0.0,1.0,1.0,,24.29
,Khatima,23-08-2024,28.909628,79.949147,299,45720.0,41820.0,64125.0,15406.4,6682.5,50002.38,0.0,0.0,1.0,,14.55
,Khatima,23-08-2025,28.909628,79.949147,299,45720.0,41820.0,64125.0,15406.4,6682.5,50002.38,0.0,0.0,0.0,,0.0
,Khatima,23-09-2023,28.909628,79.949147,299,45720.0,41820.0,64125.0,15406.4,6682.5,50002.38,0.0,0.0,0.0,,0.0
,Khatima,23-09-2024,28.909628,79.949147,299,45720.0,41820.0,64125.0,15406.4,6682.5,50002.38,0.0,0.0,0.0,,0.0
,Khatima,23-09-2025,28.909628,79.949147,299,45720.0,41820.0,64125.0,15406.4,6682.5,50002.38,0.0,0.0,0.0,,0.0
,Khatima,23-10-2023,28.909628,79.949147,299,45720.0,41820.0,64125.0,15406.4,6682.5,50002.38,0.0,0.0,0.0,,0.0
,Khatima,23-10-2024,28.909628,79.949147,299,45720.0,41820.0,64125.0,15406.4,6682.5,50002.38,0.0,0.0,0.0,,0.0
,Khatima,23-11-2023,28.909628,79.949147,299,45720.0,41820.0,64125.0,15406.4,6682.5,50002.38,0.0,0.0,0.0,,0.0
,Khatima,23-11-2024,28.909628,79.949147,299,45720.0,41820.0,64125.0,15406.4,6682.5,50002.38,0.0,0.0,0.0,,0.0
,Khatima,23-12-2023,28.909628,79.949147,299,45720.0,41820.0,64125.0,15406.4,6682.5,50002.38,0.0,0.0,0.0,,0.0
,Khatima,23-12-2024,28.909628,79.949147,299,45720.0,41820.0,64125.0,15406.4,6682.5,50002.38,0.0,0.0,0.0,,0.0
,Khatima,24-01-2023,28.909628,79.949147,299,45720.0,41820.0,64125.0,15406.4,6682.5,50002.38,0.0,0.0,0.0,,0.0
,Khatima,24-01-2024,28.909628,79.949147,299,45720.0,41820.0,64125.0,15406.4,6682.5,50002.38,0.0,0.0,0.0,,0.0
,Khatima,24-01-2025,28.909628,79.949147,299,45720.0,41820.0,64125.0,15406.4,6682.5,50002.38,0.0,0.0,0.0,,0.0
,Khatima,24-02-2023,28.909628,79.949147,299,45720.0,41820.0,64125.0,15406.4,6682.5,50002.38,0.0,0.0,0.0,,0.0
,Khatima,24-02-2024,28.909628,79.949147,299,45720.0,41820.0,64125.0,15406.4,6682.5,50002.38,0.0,0.0,0.0,,0.0
,Khatima,24-02-2025,28.909628,79.949147,299,45720.0,41820.0,64125.0,15406.4,6682.5,50002.38,0.0,0.0,0.0,,0.0
,Khatima,24-03-2023,28.909628,79.949147,299,45720.0,41820.0,64125.0,15406.4,6682.5,50002.38,0.0,0.0,0.0,,0.0
,Khatima,24-03-2024,28.909628,79.949147,299,45720.0,41820.0,64125.0,15406.4,6682.5,50002.38,0.0,0.0,0.0,,0.0
,Khatima,24-03-2025,28.909628,79.949147,299,45720.0,41820.0,64125.0,15406.4,6682.5,50002.38,0.0,0.0,0.0,,0.0
,Khatima,24-04-2023,28.909628,79.949147,299,45720.0,41820.0,64125.0,15406.4,6682.5,50002.38,0.0,0.0,0.0,,0.0
,Khatima,24-04-2024,28.909628,79.949147,299,45720.0,41820.0,64125.0,15406.4,6682.5,50002.38,0.0,0.0,0.0,,0.0
,Khatima,24-04-2025,28.909628,79.949147,299,45720.0,41820.0,64125.0,15406.4,6682.5,50002.38,0.0,0.0,0.0,,0.0
,Khatima,24-05-2023,28.909628,79.949147,299,45720.0,41820.0,64125.0,15406.4,6682.5,50002.38,0.0,0.0,0.0,,0.0
,Khatima,24-05-2024,28.909628,79.949147,299,45720.0,41820.0,64125.0,15406.4,6682.5,50002.38,0.0,0.0,0.0,,0.0
,Khatima,24-05-2025,28.909628,79.949147,299,45720.0,41820.0,64125.0,15406.4,6682.5,50002.38,0.0,0.0,0.0,,0.0
,Khatima,24-06-2023,28.909628,79.949147,299,45720.0,41820.0,64125.0,15406.4,6682.5,50002.38,0.0,1.0,1.0,,22.22
,Khatima,24-06-2024,28.909628,79.949147,299,45720.0,41820.0,64125.0,15406.4,6682.5,50002.38,0.0,0.0,0.0,,8.81
,Khatima,24-06-2025,28.909628,79.949147,299,45720.0,41820.0,64125.0,15406.4,6682.5,50002.38,0.0,0.0,1.0,,17.02
,Khatima,24-07-2023,28.909628,79.949147,299,45720.0,41820.0,64125.0,15406.4,6682.5,50002.38,0.0,0.0,0.0,,0.0
,Khatima,24-07-2024,28.909628,79.949147,299,45720.0,41820.0,64125.0,15406.4,6682.5,50002.38,0.0,1.0,1.0,,26.96
,Khatima,24-07-2025,28.909628,79.949147,299,45720.0,41820.0,64125.0,15406.4,6682.5,50002.38,0.0,0.0,0.0,,0.0
,Khatima,24-08-2023,28.909628,79.949147,299,45720.0,41820.0,64125.0,15406.4,6682.5,50002.38,0.0,0.0,0.0,,0.0
,Khatima,24-08-2024,28.909628,79.949147,299,45720.0,41820.0,64125.0,15406.4,6682.5,50002.38,0.0,0.0,0.0,,9.53
,Khatima,24-08-2025,28.909628,79.949147,299,45720.0,41820.0,64125.0,15406.4,6682.5,50002.38,0.0,0.0,0.0,,10.22
,Khatima,24-09-2023,28.909628,79.949147,299,45720.0,41820.0,64125.0,15406.4,6682.5,50002.38,0.0,0.0,0.0,,0.0
,Khatima,24-09-2024,28.909628,79.949147,299,45720.0,41820.0,64125.0,15406.4,6682.5,50002.38,0.0,0.0,0.0,,0.0
,Khatima,24-09-2025,28.909628,79.949147,299,45720.0,41820.0,64125.0,15406.4,6682.5,50002.38,0.0,0.0,0.0,,0.0
,Khatima,24-10-2023,28.909628,79.949147,299,45720.0,41820.0,64125.0,15406.4,6682.5,50002.38,0.0,0.0,0.0,,0.0
,Khatima,24-10-2024,28.909628,79.949147,299,45720.0,41820.0,64125.0,15406.4,6682.5,50002.38,0.0,0.0,0.0,,0.0
,Khatima,24-11-2023,28.909628,79.949147,299,45720.0,41820.0,64125.0,15406.4,6682.5,50002.38,0.0,0.0,0.0,,0.0
,Khatima,24-11-2024,28.909628,79.949147,299,45720.0,41820.0,64125.0,15406.4,6682.5,50002.38,0.0,0.0,0.0,,0.0
,Khatima,24-12-2023,28.909628,79.949147,299,45720.0,41820.0,64125.0,15406.4,6682.5,50002.38,0.0,0.0,0.0,,0.0
,Khatima,24-12-2024,28.909628,79.949147,299,45720.0,41820.0,64125.0,15406.4,6682.5,50002.38,0.0,0.0,0.0,,4.81
,Khatima,25-01-2023,28.909628,79.949147,299,45720.0,41820.0,64125.0,15406.4,6682.5,50002.38,0.0,0.0,0.0,,0.0
,Khatima,25-01-2024,28.909628,79.949147,299,45720.0,41820.0,64125.0,15406.4,6682.5,50002.38,0.0,0.0,0.0,,0.0
,Khatima,25-01-2025,28.909628,79.949147,299,45720.0,41820.0,64125.0,15406.4,6682.5,50002.38,0.0,0.0,0.0,,0.0
,Khatima,25-02-2023,28.909628,79.949147,299,45720.0,41820.0,64125.0,15406.4,6682.5,50002.38,0.0,0.0,0.0,,3.56
,Khatima,25-02-2024,28.909628,79.949147,299,45720.0,41820.0,64125.0,15406.4,6682.5,50002.38,0.0,1.0,1.0,,20.03
,Khatima,25-02-2025,28.909628,79.949147,299,45720.0,41820.0,64125.0,15406.4,6682.5,50002.38,0.0,0.0,0.0,,0.0
,Khatima,25-03-2023,28.909628,79.949147,299,45720.0,41820.0,64125.0,15406.4,6682.5,50002.38,0.0,0.0,0.0,,0.0
,Khatima,25-03-2024,28.909628,79.949147,299,45720.0,41820.0,64125.0,15406.4,6682.5,50002.38,0.0,0.0,0.0,,0.0
,Khatima,25-03-2025,28.909628,79.949147,299,45720.0,41820.0,64125.0,15406.4,6682.5,50002.38,0.0,0.0,0.0,,0.0
,Khatima,25-04-2023,28.909628,79.949147,299,45720.0,41820.0,64125.0,15406.4,6682.5,50002.38,0.0,0.0,0.0,,0.0
,Khatima,25-04-2024,28.909628,79.949147,299,45720.0,41820.0,64125.0,15406.4,6682.5,50002.38,0.0,0.0,0.0,,0.0
,Khatima,25-04-2025,28.909628,79.949147,299,45720.0,41820.0,64125.0,15406.4,6682.5,50002.38,0.0,0.0,0.0,,0.0
,Khatima,25-05-2023,28.909628,79.949147,299,45720.0,41820.0,64125.0,15406.4,6682.5,50002.38,0.0,0.0,0.0,,0.0
,Khatima,25-05-2024,28.909628,79.949147,299,45720.0,41820.0,64125.0,15406.4,6682.5,50002.38,0.0,0.0,0.0,,0.0
,Khatima,25-05-2025,28.909628,79.949147,299,45720.0,41820.0,64125.0,15406.4,6682.5,50002.38,0.0,0.0,0.0,,0.0
,Khatima,25-06-2023,28.909628,79.949147,299,45720.0,41820.0,64125.0,15406.4,6682.5,50002.38,1.0,1.0,1.0,,33.33
,Khatima,25-06-2024,28.909628,79.949147,299,45720.0,41820.0,64125.0,15406.4,6682.5,50002.38,0.0,0.0,1.0,,17.63
,Khatima,25-06-2025,28.909628,79.949147,299,45720.0,41820.0,64125.0,15406.4,6682.5,50002.38,1.0,1.0,1.0,,34.04
,Khatima,25-07-2023,28.909628,79.949147,299,45720.0,41820.0,64125.0,15406.4,6682.5,50002.38,0.0,1.0,1.0,,23.79
,Khatima,25-07-2024,28.909628,79.949147,299,45720.0,41820.0,64125.0,15406.4,6682.5,50002.38,0.0,0.0,0.0,,0.0
,Khatima,25-07-2025,28.909628,79.949147,299,45720.0,41820.0,64125.0,15406.4,6682.5,50002.38,1.0,1.0,1.0,,30.29
,Khatima,25-08-2023,28.909628,79.949147,299,45720.0,41820.0,64125.0,15406.4,6682.5,50002.38,0.0,0.0,0.0,,0.0
,Khatima,25-08-2024,28.909628,79.949147,299,45720.0,41820.0,64125.0,15406.4,6682.5,50002.38,0.0,0.0,0.0,,2.63
,Khatima,25-08-2025,28.909628,79.949147,299,45720.0,41820.0,64125.0,15406.4,6682.5,50002.38,0.0,0.0,0.0,,0.0
,Khatima,25-09-2023,28.909628,79.949147,299,45720.0,41820.0,64125.0,15406.4,6682.5,50002.38,0.0,0.0,0.0,,0.0
,Khatima,25-09-2024,28.909628,79.949147,299,45720.0,41820.0,64125.0,15406.4,6682.5,50002.38,0.0,0.0,0.0,,10.27
,Khatima,25-09-2025,28.909628,79.949147,299,45720.0,41820.0,64125.0,15406.4,6682.5,50002.38,0.0,0.0,0.0,,0.0
,Khatima,25-10-2023,28.909628,79.949147,299,45720.0,41820.0,64125.0,15406.4,6682.5,50002.38,0.0,0.0,0.0,,0.0
,Khatima,25-10-2024,28.909628,79.949147,299,45720.0,41820.0,64125.0,15406.4,6682.5,50002.38,0.0,0.0,0.0,,0.0
,Khatima,25-11-2023,28.909628,79.949147,299,45720.0,41820.0,64125.0,15406.4,6682.5,50002.38,0.0,0.0,0.0,,0.0
,Khatima,25-11-2024,28.909628,79.949147,299,45720.0,41820.0,64125.0,15406.4,6682.5,50002.38,0.0,0.0,0.0,,0.0
,Khatima,25-12-2023,28.909628,79.949147,299,45720.0,41820.0,64125.0,15406.4,6682.5,50002.38,0.0,0.0,0.0,,0.0
,Khatima,25-12-2024,28.909628,79.949147,299,45720.0,41820.0,64125.0,15406.4,6682.5,50002.38,0.0,0.0,0.0,,0.0
,Khatima,26-01-2023,28.909628,79.949147,299,45720.0,41820.0,64125.0,15406.4,6682.5,50002.38,0.0,0.0,0.0,,0.0
,Khatima,26-01-2024,28.909628,79.949147,299,45720.0,41820.0,64125.0,15406.4,6682.5,50002.38,0.0,0.0,0.0,,0.0
,Khatima,26-01-2025,28.909628,79.949147,299,45720.0,41820.0,64125.0,15406.4,6682.5,50002.38,0.0,0.0,0.0,,0.0
,Khatima,26-02-2023,28.909628,79.949147,299,45720.0,41820.0,64125.0,15406.4,6682.5,50002.38,0.0,0.0,0.0,,0.0
,Khatima,26-02-2024,28.909628,79.949147,299,45720.0,41820.0,64125.0,15406.4,6682.5,50002.38,0.0,0.0,0.0,,0.0
,Khatima,26-02-2025,28.909628,79.949147,299,45720.0,41820.0,64125.0,15406.4,6682.5,50002.38,0.0,0.0,0.0,,0.53
,Khatima,26-03-2023,28.909628,79.949147,299,45720.0,41820.0,64125.0,15406.4,6682.5,50002.38,0.0,0.0,0.0,,0.0
,Khatima,26-03-2024,28.909628,79.949147,299,45720.0,41820.0,64125.0,15406.4,6682.5,50002.38,0.0,0.0,0.0,,0.0
,Khatima,26-03-2025,28.909628,79.949147,299,45720.0,41820.0,64125.0,15406.4,6682.5,50002.38,0.0,0.0,0.0,,0.0
,Khatima,26-04-2023,28.909628,79.949147,299,45720.0,41820.0,64125.0,15406.4,6682.5,50002.38,0.0,0.0,0.0,,0.0
,Khatima,26-04-2024,28.909628,79.949147,299,45720.0,41820.0,64125.0,15406.4,6682.5,50002.38,0.0,0.0,0.0,,0.0
,Khatima,26-04-2025,28.909628,79.949147,299,45720.0,41820.0,64125.0,15406.4,6682.5,50002.38,0.0,0.0,0.0,,0.0
,Khatima,26-05-2023,28.909628,79.949147,299,45720.0,41820.0,64125.0,15406.4,6682.5,50002.38,0.0,0.0,0.0,,0.0
,Khatima,26-05-2024,28.909628,79.949147,299,45720.0,41820.0,64125.0,15406.4,6682.5,50002.38,0.0,0.0,0.0,,6.93
,Khatima,26-05-2025,28.909628,79.949147,299,45720.0,41820.0,64125.0,15406.4,6682.5,50002.38,0.0,0.0,0.0,,0.0
,Khatima,26-06-2023,28.909628,79.949147,299,45720.0,41820.0,64125.0,15406.4,6682.5,50002.38,0.0,0.0,0.0,,0.0
,Khatima,26-06-2024,28.909628,79.949147,299,45720.0,41820.0,64125.0,15406.4,6682.5,50002.38,1.0,1.0,1.0,,58.72
,Khatima,26-06-2025,28.909628,79.949147,299,45720.0,41820.0,64125.0,15406.4,6682.5,50002.38,0.0,0.0,1.0,,18.14
,Khatima,26-07-2023,28.909628,79.949147,299,45720.0,41820.0,64125.0,15406.4,6682.5,50002.38,0.0,0.0,1.0,,13.09
,Khatima,26-07-2024,28.909628,79.949147,299,45720.0,41820.0,64125.0,15406.4,6682.5,50002.38,0.0,1.0,1.0,,24.7
,Khatima,26-07-2025,28.909628,79.949147,299,45720.0,41820.0,64125.0,15406.4,6682.5,50002.38,1.0,1.0,1.0,,34.95
,Khatima,26-08-2023,28.909628,79.949147,299,45720.0,41820.0,64125.0,15406.4,6682.5,50002.38,0.0,0.0,0.0,,0.0
,Khatima,26-08-2024,28.909628,79.949147,299,45720.0,41820.0,64125.0,15406.4,6682.5,50002.38,0.0,0.0,1.0,,14.45
,Khatima,26-08-2025,28.909628,79.949147,299,45720.0,41820.0,64125.0,15406.4,6682.5,50002.38,0.0,1.0,1.0,,21.5
,Khatima,26-09-2023,28.909628,79.949147,299,45720.0,41820.0,64125.0,15406.4,6682.5,50002.38,0.0,0.0,0.0,,0.0
,Khatima,26-09-2024,28.909628,79.949147,299,45720.0,41820.0,64125.0,15406.4,6682.5,50002.38,0.0,0.0,0.0,,0.0
,Khatima,26-09-2025,28.909628,79.949147,299,45720.0,41820.0,64125.0,15406.4,6682.5,50002.38,0.0,0.0,0.0,,0.0
,Khatima,26-10-2023,28.909628,79.949147,299,45720.0,41820.0,64125.0,15406.4,6682.5,50002.38,0.0,0.0,0.0,,0.0
,Khatima,26-10-2024,28.909628,79.949147,299,45720.0,41820.0,64125.0,15406.4,6682.5,50002.38,0.0,0.0,0.0,,0.0
,Khatima,26-11-2023,28.909628,79.949147,299,45720.0,41820.0,64125.0,15406.4,6682.5,50002.38,0.0,0.0,0.0,,0.0
,Khatima,26-11-2024,28.909628,79.949147,299,45720.0,41820.0,64125.0,15406.4,6682.5,50002.38,0.0,0.0,0.0,,0.0
,Khatima,26-12-2023,28.909628,79.949147,299,45720.0,41820.0,64125.0,15406.4,6682.5,50002.38,0.0,0.0,0.0,,0.0
,Khatima,26-12-2024,28.909628,79.949147,299,45720.0,41820.0,64125.0,15406.4,6682.5,50002.38,0.0,0.0,0.0,,0.0
,Khatima,27-01-2023,28.909628,79.949147,299,45720.0,41820.0,64125.0,15406.4,6682.5,50002.38,0.0,0.0,0.0,,0.0
,Khatima,27-01-2024,28.909628,79.949147,299,45720.0,41820.0,64125.0,15406.4,6682.5,50002.38,0.0,0.0,0.0,,0.0
,Khatima,27-01-2025,28.909628,79.949147,299,45720.0,41820.0,64125.0,15406.4,6682.5,50002.38,0.0,0.0,0.0,,0.0
,Khatima,27-02-2023,28.909628,79.949147,299,45720.0,41820.0,64125.0,15406.4,6682.5,50002.38,0.0,0.0,0.0,,0.0
,Khatima,27-02-2024,28.909628,79.949147,299,45720.0,41820.0,64125.0,15406.4,6682.5,50002.38,0.0,0.0,0.0,,0.0
,Khatima,27-02-2025,28.909628,79.949147,299,45720.0,41820.0,64125.0,15406.4,6682.5,50002.38,0.0,0.0,0.0,,8.93
,Khatima,27-03-2023,28.909628,79.949147,299,45720.0,41820.0,64125.0,15406.4,6682.5,50002.38,0.0,0.0,0.0,,0.0
,Khatima,27-03-2024,28.909628,79.949147,299,45720.0,41820.0,64125.0,15406.4,6682.5,50002.38,0.0,0.0,0.0,,0.0
,Khatima,27-03-2025,28.909628,79.949147,299,45720.0,41820.0,64125.0,15406.4,6682.5,50002.38,0.0,0.0,0.0,,8.75
,Khatima,27-04-2023,28.909628,79.949147,299,45720.0,41820.0,64125.0,15406.4,6682.5,50002.38,0.0,0.0,0.0,,0.0
,Khatima,27-04-2024,28.909628,79.949147,299,45720.0,41820.0,64125.0,15406.4,6682.5,50002.38,0.0,0.0,0.0,,0.0
,Khatima,27-04-2025,28.909628,79.949147,299,45720.0,41820.0,64125.0,15406.4,6682.5,50002.38,0.0,0.0,0.0,,0.0
,Khatima,27-05-2023,28.909628,79.949147,299,45720.0,41820.0,64125.0,15406.4,6682.5,50002.38,0.0,0.0,0.0,,0.0
,Khatima,27-05-2024,28.909628,79.949147,299,45720.0,41820.0,64125.0,15406.4,6682.5,50002.38,0.0,0.0,0.0,,0.0
,Khatima,27-05-2025,28.909628,79.949147,299,45720.0,41820.0,64125.0,15406.4,6682.5,50002.38,0.0,0.0,0.0,,0.0
,Khatima,27-06-2023,28.909628,79.949147,299,45720.0,41820.0,64125.0,15406.4,6682.5,50002.38,0.0,1.0,1.0,,23.04
,Khatima,27-06-2024,28.909628,79.949147,299,45720.0,41820.0,64125.0,15406.4,6682.5,50002.38,0.0,1.0,1.0,,19.57
,Khatima,27-06-2025,28.909628,79.949147,299,45720.0,41820.0,64125.0,15406.4,6682.5,50002.38,0.0,0.0,0.0,,0.0
,Khatima,27-07-2023,28.909628,79.949147,299,45720.0,41820.0,64125.0,15406.4,6682.5,50002.38,0.0,1.0,1.0,,26.18
,Khatima,27-07-2024,28.909628,79.949147,299,45720.0,41820.0,64125.0,15406.4,6682.5,50002.38,0.0,0.0,0.0,,6.17
,Khatima,27-07-2025,28.909628,79.949147,299,45720.0,41820.0,64125.0,15406.4,6682.5,50002.38,0.0,0.0,0.0,,0.0
,Khatima,27-08-2023,28.909628,79.949147,299,45720.0,41820.0,64125.0,15406.4,6682.5,50002.38,0.0,0.0,0.0,,0.0
,Khatima,27-08-2024,28.909628,79.949147,299,45720.0,41820.0,64125.0,15406.4,6682.5,50002.38,0.0,0.0,1.0,,12.31
,Khatima,27-08-2025,28.909628,79.949147,299,45720.0,41820.0,64125.0,15406.4,6682.5,50002.38,0.0,0.0,0.0,,0.0
,Khatima,27-09-2023,28.909628,79.949147,299,45720.0,41820.0,64125.0,15406.4,6682.5,50002.38,0.0,0.0,0.0,,0.0
,Khatima,27-09-2024,28.909628,79.949147,299,45720.0,41820.0,64125.0,15406.4,6682.5,50002.38,0.0,0.0,0.0,,0.0
,Khatima,27-09-2025,28.909628,79.949147,299,45720.0,41820.0,64125.0,15406.4,6682.5,50002.38,0.0,0.0,0.0,,0.0
,Khatima,27-10-2023,28.909628,79.949147,299,45720.0,41820.0,64125.0,15406.4,6682.5,50002.38,0.0,0.0,0.0,,0.0
,Khatima,27-10-2024,28.909628,79.949147,299,45720.0,41820.0,64125.0,15406.4,6682.5,50002.38,0.0,0.0,0.0,,0.0
,Khatima,27-11-2023,28.909628,79.949147,299,45720.0,41820.0,64125.0,15406.4,6682.5,50002.38,0.0,0.0,0.0,,4.16
,Khatima,27-11-2024,28.909628,79.949147,299,45720.0,41820.0,64125.0,15406.4,6682.5,50002.38,0.0,0.0,0.0,,0.0
,Khatima,27-12-2023,28.909628,79.949147,299,45720.0,41820.0,64125.0,15406.4,6682.5,50002.38,0.0,0.0,0.0,,0.0
,Khatima,27-12-2024,28.909628,79.949147,299,45720.0,41820.0,64125.0,15406.4,6682.5,50002.38,0.0,0.0,0.0,,0.0
,Khatima,28-01-2023,28.909628,79.949147,299,45720.0,41820.0,64125.0,15406.4,6682.5,50002.38,0.0,0.0,0.0,,0.0
,Khatima,28-01-2024,28.909628,79.949147,299,45720.0,41820.0,64125.0,15406.4,6682.5,50002.38,0.0,1.0,1.0,,23.77
,Khatima,28-01-2025,28.909628,79.949147,299,45720.0,41820.0,64125.0,15406.4,6682.5,50002.38,0.0,0.0,0.0,,0.0
,Khatima,28-02-2023,28.909628,79.949147,299,45720.0,41820.0,64125.0,15406.4,6682.5,50002.38,0.0,0.0,0.0,,0.0
,Khatima,28-02-2024,28.909628,79.949147,299,45720.0,41820.0,64125.0,15406.4,6682.5,50002.38,0.0,0.0,0.0,,0.0
,Khatima,28-02-2025,28.909628,79.949147,299,45720.0,41820.0,64125.0,15406.4,6682.5,50002.38,0.0,0.0,0.0,,9.11
,Khatima,28-03-2023,28.909628,79.949147,299,45720.0,41820.0,64125.0,15406.4,6682.5,50002.38,0.0,0.0,0.0,,0.0
,Khatima,28-03-2024,28.909628,79.949147,299,45720.0,41820.0,64125.0,15406.4,6682.5,50002.38,0.0,0.0,0.0,,0.0
,Khatima,28-03-2025,28.909628,79.949147,299,45720.0,41820.0,64125.0,15406.4,6682.5,50002.38,0.0,0.0,0.0,,0.0
,Khatima,28-04-2023,28.909628,79.949147,299,45720.0,41820.0,64125.0,15406.4,6682.5,50002.38,0.0,0.0,0.0,,0.0
,Khatima,28-04-2024,28.909628,79.949147,299,45720.0,41820.0,64125.0,15406.4,6682.5,50002.38,0.0,0.0,0.0,,0.0
,Khatima,28-04-2025,28.909628,79.949147,299,45720.0,41820.0,64125.0,15406.4,6682.5,50002.38,0.0,0.0,0.0,,0.0
,Khatima,28-05-2023,28.909628,79.949147,299,45720.0,41820.0,64125.0,15406.4,6682.5,50002.38,0.0,0.0,0.0,,0.0
,Khatima,28-05-2024,28.909628,79.949147,299,45720.0,41820.0,64125.0,15406.4,6682.5,50002.38,0.0,0.0,0.0,,0.0
,Khatima,28-05-2025,28.909628,79.949147,299,45720.0,41820.0,64125.0,15406.4,6682.5,50002.38,0.0,0.0,1.0,,12.91
,Khatima,28-06-2023,28.909628,79.949147,299,45720.0,41820.0,64125.0,15406.4,6682.5,50002.38,0.0,1.0,1.0,,23.04
,Khatima,28-06-2024,28.909628,79.949147,299,45720.0,41820.0,64125.0,15406.4,6682.5,50002.38,1.0,1.0,1.0,,39.15
,Khatima,28-06-2025,28.909628,79.949147,299,45720.0,41820.0,64125.0,15406.4,6682.5,50002.38,0.0,0.0,1.0,,18.14
,Khatima,28-07-2023,28.909628,79.949147,299,45720.0,41820.0,64125.0,15406.4,6682.5,50002.38,1.0,1.0,1.0,,39.27
,Khatima,28-07-2024,28.909628,79.949147,299,45720.0,41820.0,64125.0,15406.4,6682.5,50002.38,0.0,0.0,0.0,,0.0
,Khatima,28-07-2025,28.909628,79.949147,299,45720.0,41820.0,64125.0,15406.4,6682.5,50002.38,0.0,0.0,0.0,,0.0
,Khatima,28-08-2023,28.909628,79.949147,299,45720.0,41820.0,64125.0,15406.4,6682.5,50002.38,0.0,0.0,0.0,,0.0
,Khatima,28-08-2024,28.909628,79.949147,299,45720.0,41820.0,64125.0,15406.4,6682.5,50002.38,0.0,0.0,0.0,,11.03
,Khatima,28-08-2025,28.909628,79.949147,299,45720.0,41820.0,64125.0,15406.4,6682.5,50002.38,1.0,1.0,1.0,,64.51
,Khatima,28-09-2023,28.909628,79.949147,299,45720.0,41820.0,64125.0,15406.4,6682.5,50002.38,0.0,0.0,0.0,,0.0
,Khatima,28-09-2024,28.909628,79.949147,299,45720.0,41820.0,64125.0,15406.4,6682.5,50002.38,0.0,0.0,0.0,,0.0
,Khatima,28-09-2025,28.909628,79.949147,299,45720.0,41820.0,64125.0,15406.4,6682.5,50002.38,0.0,0.0,0.0,,0.0
,Khatima,28-10-2023,28.909628,79.949147,299,45720.0,41820.0,64125.0,15406.4,6682.5,50002.38,0.0,0.0,0.0,,0.0
,Khatima,28-10-2024,28.909628,79.949147,299,45720.0,41820.0,64125.0,15406.4,6682.5,50002.38,0.0,0.0,0.0,,0.0
,Khatima,28-11-2023,28.909628,79.949147,299,45720.0,41820.0,64125.0,15406.4,6682.5,50002.38,0.0,0.0,0.0,,0.0
,Khatima,28-11-2024,28.909628,79.949147,299,45720.0,41820.0,64125.0,15406.4,6682.5,50002.38,0.0,0.0,0.0,,0.0
,Khatima,28-12-2023,28.909628,79.949147,299,45720.0,41820.0,64125.0,15406.4,6682.5,50002.38,0.0,0.0,0.0,,0.0
,Khatima,28-12-2024,28.909628,79.949147,299,45720.0,41820.0,64125.0,15406.4,6682.5,50002.38,0.0,0.0,0.0,,5.75
,Khatima,29-01-2023,28.909628,79.949147,299,45720.0,41820.0,64125.0,15406.4,6682.5,50002.38,0.0,0.0,0.0,,0.0
,Khatima,29-01-2024,28.909628,79.949147,299,45720.0,41820.0,64125.0,15406.4,6682.5,50002.38,0.0,0.0,0.0,,0.0
,Khatima,29-01-2025,28.909628,79.949147,299,45720.0,41820.0,64125.0,15406.4,6682.5,50002.38,0.0,0.0,0.0,,0.0
,Khatima,29-02-2024,28.909628,79.949147,299,45720.0,41820.0,64125.0,15406.4,6682.5,50002.38,0.0,0.0,0.0,,0.0
,Khatima,29-03-2023,28.909628,79.949147,299,45720.0,41820.0,64125.0,15406.4,6682.5,50002.38,0.0,0.0,0.0,,0.0
,Khatima,29-03-2024,28.909628,79.949147,299,45720.0,41820.0,64125.0,15406.4,6682.5,50002.38,0.0,0.0,0.0,,0.0
,Khatima,29-03-2025,28.909628,79.949147,299,45720.0,41820.0,64125.0,15406.4,6682.5,50002.38,0.0,0.0,0.0,,0.0
,Khatima,29-04-2023,28.909628,79.949147,299,45720.0,41820.0,64125.0,15406.4,6682.5,50002.38,0.0,0.0,0.0,,6.47
,Khatima,29-04-2024,28.909628,79.949147,299,45720.0,41820.0,64125.0,15406.4,6682.5,50002.38,0.0,0.0,0.0,,0.0
,Khatima,29-04-2025,28.909628,79.949147,299,45720.0,41820.0,64125.0,15406.4,6682.5,50002.38,0.0,0.0,0.0,,0.0
,Khatima,29-05-2023,28.909628,79.949147,299,45720.0,41820.0,64125.0,15406.4,6682.5,50002.38,0.0,0.0,0.0,,0.0
,Khatima,29-05-2024,28.909628,79.949147,299,45720.0,41820.0,64125.0,15406.4,6682.5,50002.38,0.0,0.0,0.0,,0.0
,Khatima,29-05-2025,28.909628,79.949147,299,45720.0,41820.0,64125.0,15406.4,6682.5,50002.38,0.0,0.0,0.0,,0.0
,Khatima,29-06-2023,28.909628,79.949147,299,45720.0,41820.0,64125.0,15406.4,6682.5,50002.38,0.0,1.0,1.0,,23.04
,Khatima,29-06-2024,28.909628,79.949147,299,45720.0,41820.0,64125.0,15406.4,6682.5,50002.38,0.0,1.0,1.0,,19.57
,Khatima,29-06-2025,28.909628,79.949147,299,45720.0,41820.0,64125.0,15406.4,6682.5,50002.38,1.0,1.0,1.0,,54.43
,Khatima,29-07-2023,28.909628,79.949147,299,45720.0,41820.0,64125.0,15406.4,6682.5,50002.38,0.0,0.0,0.0,,0.0
,Khatima,29-07-2024,28.909628,79.949147,299,45720.0,41820.0,64125.0,15406.4,6682.5,50002.38,0.0,0.0,0.0,,0.0
,Khatima,29-07-2025,28.909628,79.949147,299,45720.0,41820.0,64125.0,15406.4,6682.5,50002.38,0.0,0.0,0.0,,0.0
,Khatima,29-08-2023,28.909628,79.949147,299,45720.0,41820.0,64125.0,15406.4,6682.5,50002.38,0.0,0.0,0.0,,0.0
,Khatima,29-08-2024,28.909628,79.949147,299,45720.0,41820.0,64125.0,15406.4,6682.5,50002.38,0.0,0.0,0.0,,7.23
,Khatima,29-08-2025,28.909628,79.949147,299,45720.0,41820.0,64125.0,15406.4,6682.5,50002.38,0.0,1.0,1.0,,21.5
,Khatima,29-09-2023,28.909628,79.949147,299,45720.0,41820.0,64125.0,15406.4,6682.5,50002.38,0.0,0.0,0.0,,0.0
,Khatima,29-09-2024,28.909628,79.949147,299,45720.0,41820.0,64125.0,15406.4,6682.5,50002.38,0.0,0.0,0.0,,0.0
,Khatima,29-09-2025,28.909628,79.949147,299,45720.0,41820.0,64125.0,15406.4,6682.5,50002.38,0.0,0.0,0.0,,0.0
,Khatima,29-10-2023,28.909628,79.949147,299,45720.0,41820.0,64125.0,15406.4,6682.5,50002.38,0.0,0.0,0.0,,0.0
,Khatima,29-10-2024,28.909628,79.949147,299,45720.0,41820.0,64125.0,15406.4,6682.5,50002.38,0.0,0.0,0.0,,0.0
,Khatima,29-11-2023,28.909628,79.949147,299,45720.0,41820.0,64125.0,15406.4,6682.5,50002.38,0.0,0.0,0.0,,0.0
,Khatima,29-11-2024,28.909628,79.949147,299,45720.0,41820.0,64125.0,15406.4,6682.5,50002.38,0.0,0.0,0.0,,0.0
,Khatima,29-12-2023,28.909628,79.949147,299,45720.0,41820.0,64125.0,15406.4,6682.5,50002.38,0.0,0.0,0.0,,0.0
,Khatima,29-12-2024,28.909628,79.949147,299,45720.0,41820.0,64125.0,15406.4,6682.5,50002.38,0.0,0.0,0.0,,0.0
,Khatima,30-01-2023,28.909628,79.949147,299,45720.0,41820.0,64125.0,15406.4,6682.5,50002.38,0.0,0.0,0.0,,10.17
,Khatima,30-01-2024,28.909628,79.949147,299,45720.0,41820.0,64125.0,15406.4,6682.5,50002.38,0.0,0.0,0.0,,0.0
,Khatima,30-01-2025,28.909628,79.949147,299,45720.0,41820.0,64125.0,15406.4,6682.5,50002.38,0.0,0.0,0.0,,0.0
,Khatima,30-03-2023,28.909628,79.949147,299,45720.0,41820.0,64125.0,15406.4,6682.5,50002.38,0.0,0.0,0.0,,0.0
,Khatima,30-03-2024,28.909628,79.949147,299,45720.0,41820.0,64125.0,15406.4,6682.5,50002.38,0.0,0.0,0.0,,0.0
,Khatima,30-03-2025,28.909628,79.949147,299,45720.0,41820.0,64125.0,15406.4,6682.5,50002.38,0.0,0.0,0.0,,0.0
,Khatima,30-04-2023,28.909628,79.949147,299,45720.0,41820.0,64125.0,15406.4,6682.5,50002.38,0.0,1.0,1.0,,19.41
,Khatima,30-04-2024,28.909628,79.949147,299,45720.0,41820.0,64125.0,15406.4,6682.5,50002.38,0.0,0.0,0.0,,0.0
,Khatima,30-04-2025,28.909628,79.949147,299,45720.0,41820.0,64125.0,15406.4,6682.5,50002.38,0.0,0.0,0.0,,0.0
,Khatima,30-05-2023,28.909628,79.949147,299,45720.0,41820.0,64125.0,15406.4,6682.5,50002.38,0.0,0.0,0.0,,0.0
,Khatima,30-05-2024,28.909628,79.949147,299,45720.0,41820.0,64125.0,15406.4,6682.5,50002.38,0.0,0.0,0.0,,0.0
,Khatima,30-05-2025,28.909628,79.949147,299,45720.0,41820.0,64125.0,15406.4,6682.5,50002.38,0.0,0.0,0.0,,0.0
,Khatima,30-06-2023,28.909628,79.949147,299,45720.0,41820.0,64125.0,15406.4,6682.5,50002.38,0.0,0.0,0.0,,0.0
,Khatima,30-06-2024,28.909628,79.949147,299,45720.0,41820.0,64125.0,15406.4,6682.5,50002.38,0.0,1.0,1.0,,19.57
,Khatima,30-06-2025,28.909628,79.949147,299,45720.0,41820.0,64125.0,15406.4,6682.5,50002.38,0.0,0.0,1.0,,18.14
,Khatima,30-07-2023,28.909628,79.949147,299,45720.0,41820.0,64125.0,15406.4,6682.5,50002.38,0.0,0.0,0.0,,0.0
,Khatima,30-07-2024,28.909628,79.949147,299,45720.0,41820.0,64125.0,15406.4,6682.5,50002.38,0.0,0.0,0.0,,0.0
,Khatima,30-07-2025,28.909628,79.949147,299,45720.0,41820.0,64125.0,15406.4,6682.5,50002.38,0.0,0.0,0.0,,0.0
,Khatima,30-08-2023,28.909628,79.949147,299,45720.0,41820.0,64125.0,15406.4,6682.5,50002.38,0.0,0.0,0.0,,0.0
,Khatima,30-08-2024,28.909628,79.949147,299,45720.0,41820.0,64125.0,15406.4,6682.5,50002.38,0.0,0.0,0.0,,0.63
,Khatima,30-08-2025,28.909628,79.949147,299,45720.0,41820.0,64125.0,15406.4,6682.5,50002.38,0.0,1.0,1.0,,21.5
,Khatima,30-09-2023,28.909628,79.949147,299,45720.0,41820.0,64125.0,15406.4,6682.5,50002.38,0.0,0.0,0.0,,0.0
,Khatima,30-09-2024,28.909628,79.949147,299,45720.0,41820.0,64125.0,15406.4,6682.5,50002.38,0.0,0.0,0.0,,0.0
,Khatima,30-09-2025,28.909628,79.949147,299,45720.0,41820.0,64125.0,15406.4,6682.5,50002.38,0.0,0.0,0.0,,0.0
,Khatima,30-10-2023,28.909628,79.949147,299,45720.0,41820.0,64125.0,15406.4,6682.5,50002.38,0.0,0.0,0.0,,0.0
,Khatima,30-10-2024,28.909628,79.949147,299,45720.0,41820.0,64125.0,15406.4,6682.5,50002.38,0.0,0.0,0.0,,0.0
,Khatima,30-11-2023,28.909628,79.949147,299,45720.0,41820.0,64125.0,15406.4,6682.5,50002.38,0.0,0.0,0.0,,0.0
,Khatima,30-11-2024,28.909628,79.949147,299,45720.0,41820.0,64125.0,15406.4,6682.5,50002.38,0.0,0.0,0.0,,0.0
,Khatima,30-12-2023,28.909628,79.949147,299,45720.0,41820.0,64125.0,15406.4,6682.5,50002.38,0.0,0.0,0.0,,0.0
,Khatima,30-12-2024,28.909628,79.949147,299,45720.0,41820.0,64125.0,15406.4,6682.5,50002.38,0.0,0.0,0.0,,0.0
,Khatima,31-01-2023,28.909628,79.949147,299,45720.0,41820.0,64125.0,15406.4,6682.5,50002.38,0.0,0.0,0.0,,0.0
,Khatima,31-01-2024,28.909628,79.949147,299,45720.0,41820.0,64125.0,15406.4,6682.5,50002.38,0.0,0.0,0.0,,0.0
,Khatima,31-01-2025,28.909628,79.949147,299,45720.0,41820.0,64125.0,15406.4,6682.5,50002.38,0.0,0.0,0.0,,6.77
,Khatima,31-03-2023,28.909628,79.949147,299,45720.0,41820.0,64125.0,15406.4,6682.5,50002.38,0.0,1.0,1.0,,24.3
,Khatima,31-03-2024,28.909628,79.949147,299,45720.0,41820.0,64125.0,15406.4,6682.5,50002.38,0.0,0.0,0.0,,0.0
,Khatima,31-03-2025,28.909628,79.949147,299,45720.0,41820.0,64125.0,15406.4,6682.5,50002.38,0.0,0.0,0.0,,0.0
,Khatima,31-05-2023,28.909628,79.949147,299,45720.0,41820.0,64125.0,15406.4,6682.5,50002.38,0.0,0.0,0.0,,0.0
,Khatima,31-05-2024,28.909628,79.949147,299,45720.0,41820.0,64125.0,15406.4,6682.5,50002.38,0.0,0.0,0.0,,0.0
,Khatima,31-05-2025,28.909628,79.949147,299,45720.0,41820.0,64125.0,15406.4,6682.5,50002.38,0.0,0.0,0.0,,0.0
,Khatima,31-07-2023,28.909628,79.949147,299,45720.0,41820.0,64125.0,15406.4,6682.5,50002.38,0.0,1.0,1.0,,26.18
,Khatima,31-07-2024,28.909628,79.949147,299,45720.0,41820.0,64125.0,15406.4,6682.5,50002.38,1.0,1.0,1.0,,37.05
,Khatima,31-07-2025,28.909628,79.949147,299,45720.0,41820.0,64125.0,15406.4,6682.5,50002.38,1.0,1.0,1.0,,34.95
,Khatima,31-08-2023,28.909628,79.949147,299,45720.0,41820.0,64125.0,15406.4,6682.5,50002.38,0.0,0.0,0.0,,0.0
,Khatima,31-08-2024,28.909628,79.949147,299,45720.0,41820.0,64125.0,15406.4,6682.5,50002.38,0.0,0.0,0.0,,0.23
,Khatima,31-08-2025,28.909628,79.949147,299,45720.0,41820.0,64125.0,15406.4,6682.5,50002.38,1.0,1.0,1.0,,64.51
,Khatima,31-10-2023,28.909628,79.949147,299,45720.0,41820.0,64125.0,15406.4,6682.5,50002.38,0.0,0.0,0.0,,0.0
,Khatima,31-10-2024,28.909628,79.949147,299,45720.0,41820.0,64125.0,15406.4,6682.5,50002.38,0.0,0.0,0.0,,0.0
,Khatima,31-12-2023,28.909628,79.949147,299,45720.0,41820.0,64125.0,15406.4,6682.5,50002.38,0.0,0.0,0.0,,0.0
,Khatima,31-12-2024,28.909628,79.949147,299,45720.0,41820.0,64125.0,15406.4,6682.5,50002.38,0.0,0.0,0.0,,0.0
