location_id,village_name,date,latitude,longitude,elevation_m,distance_river_ramganga,distance_river_kosi,distance_river_kailash,distance_river_deoha,distance_river_sarda,distance_dam_nanakSagar,HeavyFlood,MidFlood,LowFlood,Unnamed: 15,rain_mm
,Khatima,2023-01-06,28.909628,79.949147,299,45720.0,41820.0,64125.0,15406.4,6682.5,50002.38,0.0,0.0,0.0,,0.0
,Khatima,2023-01-07,28.909628,79.949147,299,45720.0,41820.0,64125.0,15406.4,6682.5,50002.38,0.0,0.0,0.0,,0.0
,Khatima,2023-01-08,28.909628,79.949147,299,45720.0,41820.0,64125.0,15406.4,6682.5,50002.38,0.0,0.0,0.0,,0.0
,Khatima,2023-01-09,28.909628,79.949147,299,45720.0,41820.0,64125.0,15406.4,6682.5,50002.38,0.0,0.0,0.0,,5.86
,Khatima,2023-01-10,28.909628,79.949147,299,45720.0,41820.0,64125.0,15406.4,6682.5,50002.38,0.0,0.0,0.0,,0.0
,Khatima,2023-01-11,28.909628,79.949147,299,45720.0,41820.0,64125.0,15406.4,6682.5,50002.38,0.0,0.0,0.0,,0.0
,Khatima,2023-01-12,28.909628,79.949147,299,45720.0,41820.0,64125.0,15406.4,6682.5,50002.38,0.0,0.0,0.0,,8.23
,Khatima,2023-01-13,28.909628,79.949147,299,45720.0,41820.0,64125.0,15406.4,6682.5,50002.38,0.0,0.0,0.0,,0.0
,Khatima,2023-01-14,28.909628,79.949147,299,45720.0,41820.0,64125.0,15406.4,6682.5,50002.38,0.0,0.0,0.0,,0.0
,Khatima,2023-01-15,28.909628,79.949147,299,45720.0,41820.0,64125.0,15406.4,6682.5,50002.38,0.0,0.0,0.0,,0.0
,Khatima,2023-01-16,28.909628,79.949147,299,45720.0,41820.0,64125.0,15406.4,6682.5,50002.38,0.0,0.0,0.0,,0.0
,Khatima,2023-01-17,28.909628,79.949147,299,45720.0,41820.0,64125.0,15406.4,6682.5,50002.38,0.0,0.0,0.0,,0.0
,Khatima,2023-01-18,28.909628,79.949147,299,45720.0,41820.0,64125.0,15406.4,6682.5,50002.38,0.0,0.0,0.0,,0.0
,Khatima,2023-01-19,28.909628,79.949147,299,45720.0,41820.0,64125.0,15406.4,6682.5,50002.38,0.0,0.0,0.0,,8.39
,Khatima,2023-01-20,28.909628,79.949147,299,45720.0,41820.0,64125.0,15406.4,6682.5,50002.38,0.0,0.0,0.0,,0.0
,Khatima,2023-01-21,28.909628,79.949147,299,45720.0,41820.0,64125.0,15406.4,6682.5,50002.38,0.0,0.0,0.0,,0.0
,Khatima,2023-01-22,28.909628,79.949147,299,45720.0,41820.0,64125.0,15406.4,6682.5,50002.38,0.0,0.0,0.0,,0.0
,Khatima,2023-01-23,28.909628,79.949147,299,45720.0,41820.0,64125.0,15406.4,6682.5,50002.38,0.0,0.0,0.0,,0.0
,Khatima,2023-01-24,28.909628,79.949147,299,45720.0,41820.0,64125.0,15406.4,6682.5,50002.38,0.0,0.0,0.0,,0.0
,Khatima,2023-01-25,28.909628,79.949147,299,45720.0,41820.0,64125.0,15406.4,6682.5,50002.38,0.0,0.0,0.0,,0.0
,Khatima,2023-01-26,28.909628,79.949147,299,45720.0,41820.0,64125.0,15406.4,6682.5,50002.38,0.0,0.0,0.0,,0.0
,Khatima,2023-01-27,28.909628,79.949147,299,45720.0,41820.0,64125.0,15406.4,6682.5,50002.38,0.0,0.0,0.0,,0.0
,Khatima,2023-01-28,28.909628,79.949147,299,45720.0,41820.0,64125.0,15406.4,6682.5,50002.38,0.0,0.0,0.0,,0.0
,Khatima,2023-01-29,28.909628,79.949147,299,45720.0,41820.0,64125.0,15406.4,6682.5,50002.38,0.0,0.0,0.0,,0.0
,Khatima,2023-01-30,28.909628,79.949147,299,45720.0,41820.0,64125.0,15406.4,6682.5,50002.38,0.0,0.0,0.0,,10.17
,Khatima,2023-01-31,28.909628,79.949147,299,45720.0,41820.0,64125.0,15406.4,6682.5,50002.38,0.0,0.0,0.0,,0.0
,Khatima,2023-02-01,28.909628,79.949147,299,45720.0,41820.0,64125.0,15406.4,6682.5,50002.38,0.0,0.0,0.0,,0.0
,Khatima,2023-02-02,28.909628,79.949147,299,45720.0,41820.0,64125.0,15406.4,6682.5,50002.38,0.0,0.0,0.0,,0.0
,Khatima,2023-02-03,28.909628,79.949147,299,45720.0,41820.0,64125.0,15406.4,6682.5,50002.38,0.0,0.0,0.0,,0.0
,Khatima,2023-02-04,28.909628,79.949147,299,45720.0,41820.0,64125.0,15406.4,6682.5,50002.38,0.0,0.0,0.0,,0.0
,Khatima,2023-02-05,28.909628,79.949147,299,45720.0,41820.0,64125.0,15406.4,6682.5,50002.38,0.0,0.0,0.0,,0.0
,Khatima,2023-02-06,28.909628,79.949147,299,45720.0,41820.0,64125.0,15406.4,6682.5,50002.38,0.0,0.0,0.0,,0.0
,Khatima,2023-02-07,28.909628,79.949147,299,45720.0,41820.0,64125.0,15406.4,6682.5,50002.38,0.0,0.0,0.0,,0.0
,Khatima,2023-02-08,28.909628,79.949147,299,45720.0,41820.0,64125.0,15406.4,6682.5,50002.38,0.0,0.0,0.0,,0.0
,Khatima,2023-02-09,28.909628,79.949147,299,45720.0,41820.0,64125.0,15406.4,6682.5,50002.38,0.0,0.0,0.0,,0.0
,Khatima,2023-02-10,28.909628,79.949147,299,45720.0,41820.0,64125.0,15406.4,6682.5,50002.38,0.0,0.0,0.0,,0.0
,Khatima,2023-02-11,28.909628,79.949147,299,45720.0,41820.0,64125.0,15406.4,6682.5,50002.38,0.0,0.0,0.0,,0.0
,Khatima,2023-02-12,28.909628,79.949147,299,45720.0,41820.0,64125.0,15406.4,6682.5,50002.38,0.0,0.0,0.0,,0.0
,Khatima,2023-02-13,28.909628,79.949147,299,45720.0,41820.0,64125.0,15406.4,6682.5,50002.38,0.0,0.0,0.0,,0.0
,Khatima,2023-02-14,28.909628,79.949147,299,45720.0,41820.0,64125.0,15406.4,6682.5,50002.38,0.0,0.0,0.0,,0.0
,Khatima,2023-02-15,28.909628,79.949147,299,45720.0,41820.0,64125.0,15406.4,6682.5,50002.38,0.0,0.0,0.0,,3.59
,Khatima,2023-02-16,28.909628,79.949147,299,45720.0,41820.0,64125.0,15406.4,6682.5,50002.38,0.0,0.0,0.0,,0.0
,Khatima,2023-02-17,28.909628,79.949147,299,45720.0,41820.0,64125.0,15406.4,6682.5,50002.38,0.0,0.0,0.0,,0.0
,Khatima,2023-02-18,28.909628,79.949147,299,45720.0,41820.0,64125.0,15406.4,6682.5,50002.38,0.0,0.0,0.0,,0.0
,Khatima,2023-02-19,28.909628,79.949147,299,45720.0,41820.0,64125.0,15406.4,6682.5,50002.38,0.0,0.0,0.0,,0.0
,Khatima,2023-02-20,28.909628,79.949147,299,45720.0,41820.0,64125.0,15406.4,6682.5,50002.38,0.0,0.0,0.0,,6.22
,Khatima,2023-02-21,28.909628,79.949147,299,45720.0,41820.0,64125.0,15406.4,6682.5,50002.38,0.0,0.0,0.0,,0.0
,Khatima,2023-02-22,28.909628,79.949147,299,45720.0,41820.0,64125.0,15406.4,6682.5,50002.38,0.0,0.0,0.0,,0.0
,Khatima,2023-02-23,28.909628,79.949147,299,45720.0,41820.0,64125.0,15406.4,6682.5,50002.38,0.0,0.0,0.0,,0.0
,Khatima,2023-02-24,28.909628,79.949147,299,45720.0,41820.0,64125.0,15406.4,6682.5,50002.38,0.0,0.0,0.0,,0.0
,Khatima,2023-02-25,28.909628,79.949147,299,45720.0,41820.0,64125.0,15406.4,6682.5,50002.38,0.0,0.0,0.0,,3.56
,Khatima,2023-02-26,28.909628,79.949147,299,45720.0,41820.0,64125.0,15406.4,6682.5,50002.38,0.0,0.0,0.0,,0.0
,Khatima,2023-02-27,28.909628,79.949147,299,45720.0,41820.0,64125.0,15406.4,6682.5,50002.38,0.0,0.0,0.0,,0.0
,Khatima,2023-02-28,28.909628,79.949147,299,45720.0,41820.0,64125.0,15406.4,6682.5,50002.38,0.0,0.0,0.0,,0.0
,Khatima,2023-03-01,28.909628,79.949147,299,45720.0,41820.0,64125.0,15406.4,6682.5,50002.38,0.0,0.0,0.0,,0.0
,Khatima,2023-03-02,28.909628,79.949147,299,45720.0,41820.0,64125.0,15406.4,6682.5,50002.38,0.0,0.0,0.0,,0.0
,Khatima,2023-03-03,28.909628,79.949147,299,45720.0,41820.0,64125.0,15406.4,6682.5,50002.38,0.0,0.0,0.0,,0.0
,Khatima,2023-03-04,28.909628,79.949147,299,45720.0,41820.0,64125.0,15406.4,6682.5,50002.38,0.0,0.0,0.0,,0.0
,Khatima,2023-03-05,28.909628,79.949147,299,45720.0,41820.0,64125.0,15406.4,6682.5,50002.38,0.0,0.0,0.0,,0.0
,Khatima,2023-03-06,28.909628,79.949147,299,45720.0,41820.0,64125.0,15406.4,6682.5,50002.38,0.0,0.0,0.0,,0.0
,Khatima,2023-03-07,28.909628,79.949147,299,45720.0,41820.0,64125.0,15406.4,6682.5,50002.38,0.0,0.0,0.0,,0.0
,Khatima,2023-03-08,28.909628,79.949147,299,45720.0,41820.0,64125.0,15406.4,6682.5,50002.38,0.0,0.0,0.0,,0.0
,Khatima,2023-03-09,28.909628,79.949147,299,45720.0,41820.0,64125.0,15406.4,6682.5,50002.38,0.0,0.0,0.0,,0.0
,Khatima,2023-03-10,28.909628,79.949147,299,45720.0,41820.0,64125.0,15406.4,6682.5,50002.38,0.0,0.0,0.0,,0.0
,Khatima,2023-03-11,28.909628,79.949147,299,45720.0,41820.0,64125.0,15406.4,6682.5,50002.38,0.0,0.0,0.0,,0.0
,Khatima,2023-03-12,28.909628,79.949147,299,45720.0,41820.0,64125.0,15406.4,6682.5,50002.38,0.0,0.0,0.0,,0.0
,Khatima,2023-03-13,28.909628,79.949147,299,45720.0,41820.0,64125.0,15406.4,6682.5,50002.38,0.0,0.0,0.0,,0.0
,Khatima,2023-03-14,28.909628,79.949147,299,45720.0,41820.0,64125.0,15406.4,6682.5,50002.38,0.0,0.0,0.0,,6.58
,Khatima,2023-03-15,28.909628,79.949147,299,45720.0,41820.0,64125.0,15406.4,6682.5,50002.38,0.0,0.0,0.0,,0.0
,Khatima,2023-03-16,28.909628,79.949147,299,45720.0,41820.0,64125.0,15406.4,6682.5,50002.38,0.0,0.0,0.0,,0.0
,Khatima,2023-03-17,28.909628,79.949147,299,45720.0,41820.0,64125.0,15406.4,6682.5,50002.38,0.0,0.0,0.0,,0.0
,Khatima,2023-03-18,28.909628,79.949147,299,45720.0,41820.0,64125.0,15406.4,6682.5,50002.38,0.0,0.0,0.0,,0.0
,Khatima,2023-03-19,28.909628,79.949147,299,45720.0,41820.0,64125.0,15406.4,6682.5,50002.38,0.0,0.0,0.0,,0.0
,Khatima,2023-03-20,28.909628,79.949147,299,45720.0,41820.0,64125.0,15406.4,6682.5,50002.38,0.0,1.0,1.0,,26.84
,Khatima,2023-03-21,28.909628,79.949147,299,45720.0,41820.0,64125.0,15406.4,6682.5,50002.38,1.0,1.0,1.0,,41.07
,Khatima,2023-03-22,28.909628,79.949147,299,45720.0,41820.0,64125.0,15406.4,6682.5,50002.38,0.0,0.0,0.0,,0.0
,Khatima,2023-03-23,28.909628,79.949147,299,45720.0,41820.0,64125.0,15406.4,6682.5,50002.38,0.0,0.0,0.0,,0.0
,Khatima,2023-03-24,28.909628,79.949147,299,45720.0,41820.0,64125.0,15406.4,6682.5,50002.38,0.0,0.0,0.0,,0.0
,Khatima,2023-03-25,28.909628,79.949147,299,45720.0,41820.0,64125.0,15406.4,6682.5,50002.38,0.0,0.0,0.0,,0.0
,Khatima,2023-03-26,28.909628,79.949147,299,45720.0,41820.0,64125.0,15406.4,6682.5,50002.38,0.0,0.0,0.0,,0.0
,Khatima,2023-03-27,28.909628,79.949147,299,45720.0,41820.0,64125.0,15406.4,6682.5,50002.38,0.0,0.0,0.0,,0.0
,Khatima,2023-03-28,28.909628,79.949147,299,45720.0,41820.0,64125.0,15406.4,6682.5,50002.38,0.0,0.0,0.0,,0.0
,Khatima,2023-03-29,28.909628,79.949147,299,45720.0,41820.0,64125.0,15406.4,6682.5,50002.38,0.0,0.0,0.0,,0.0
,Khatima,2023-03-30,28.909628,79.949147,299,45720.0,41820.0,64125.0,15406.4,6682.5,50002.38,0.0,0.0,0.0,,0.0
,Khatima,2023-03-31,28.909628,79.949147,299,45720.0,41820.0,64125.0,15406.4,6682.5,50002.38,0.0,1.0,1.0,,24.3
,Khatima,2023-04-01,28.909628,79.949147,299,45720.0,41820.0,64125.0,15406.4,6682.5,50002.38,0.0,0.0,0.0,,0.0
,Khatima,2023-04-02,28.909628,79.949147,299,45720.0,41820.0,64125.0,15406.4,6682.5,50002.38,0.0,0.0,0.0,,0.0
,Khatima,2023-04-03,28.909628,79.949147,299,45720.0,41820.0,64125.0,15406.4,6682.5,50002.38,0.0,0.0,0.0,,0.0
,Khatima,2023-04-04,28.909628,79.949147,299,45720.0,41820.0,64125.0,15406.4,6682.5,50002.38,0.0,0.0,0.0,,0.0
,Khatima,2023-04-05,28.909628,79.949147,299,45720.0,41820.0,64125.0,15406.4,6682.5,50002.38,0.0,0.0,0.0,,0.0
,Khatima,2023-04-06,28.909628,79.949147,299,45720.0,41820.0,64125.0,15406.4,6682.5,50002.38,0.0,0.0,0.0,,0.0
,Khatima,2023-04-07,28.909628,79.949147,299,45720.0,41820.0,64125.0,15406.4,6682.5,50002.38,0.0,0.0,0.0,,0.0
,Khatima,2023-04-08,28.909628,79.949147,299,45720.0,41820.0,64125.0,15406.4,6682.5,50002.38,0.0,0.0,0.0,,0.0
,Khatima,2023-04-09,28.909628,79.949147,299,45720.0,41820.0,64125.0,15406.4,6682.5,50002.38,0.0,0.0,0.0,,0.0
,Khatima,2023-04-10,28.909628,79.949147,299,45720.0,41820.0,64125.0,15406.4,6682.5,50002.38,0.0,0.0,0.0,,0.0
,Khatima,2023-04-11,28.909628,79.949147,299,45720.0,41820.0,64125.0,15406.4,6682.5,50002.38,0.0,0.0,0.0,,0.0
,Khatima,2023-04-12,28.909628,79.949147,299,45720.0,41820.0,64125.0,15406.4,6682.5,50002.38,0.0,0.0,0.0,,0.0
,Khatima,2023-04-13,28.909628,79.949147,299,45720.0,41820.0,64125.0,15406.4,6682.5,50002.38,0.0,0.0,0.0,,0.0
,Khatima,2023-04-14,28.909628,79.949147,299,45720.0,41820.0,64125.0,15406.4,6682.5,50002.38,0.0,0.0,0.0,,0.0
,Khatima,2023-04-15,28.909628,79.949147,299,45720.0,41820.0,64125.0,15406.4,6682.5,50002.38,0.0,0.0,0.0,,0.0
,Khatima,2023-04-16,28.909628,79.949147,299,45720.0,41820.0,64125.0,15406.4,6682.5,50002.38,0.0,0.0,0.0,,0.0
,Khatima,2023-04-17,28.909628,79.949147,299,45720.0,41820.0,64125.0,15406.4,6682.5,50002.38,0.0,0.0,0.0,,0.0
,Khatima,2023-04-18,28.909628,79.949147,299,45720.0,41820.0,64125.0,15406.4,6682.5,50002.38,0.0,0.0,0.0,,0.0
,Khatima,2023-04-19,28.909628,79.949147,299,45720.0,41820.0,64125.0,15406.4,6682.5,50002.38,0.0,0.0,0.0,,0.0
,Khatima,2023-04-20,28.909628,79.949147,299,45720.0,41820.0,64125.0,15406.4,6682.5,50002.38,0.0,0.0,0.0,,7.54
,Khatima,2023-04-21,28.909628,79.949147,299,45720.0,41820.0,64125.0,15406.4,6682.5,50002.38,0.0,0.0,0.0,,0.0
,Khatima,2023-04-22,28.909628,79.949147,299,45720.0,41820.0,64125.0,15406.4,6682.5,50002.38,0.0,0.0,0.0,,0.0
,Khatima,2023-04-23,28.909628,79.949147,299,45720.0,41820.0,64125.0,15406.4,6682.5,50002.38,0.0,0.0,0.0,,0.0
,Khatima,2023-04-24,28.909628,79.949147,299,45720.0,41820.0,64125.0,15406.4,6682.5,50002.38,0.0,0.0,0.0,,0.0
,Khatima,2023-04-25,28.909628,79.949147,299,45720.0,41820.0,64125.0,15406.4,6682.5,50002.38,0.0,0.0,0.0,,0.0
,Khatima,2023-04-26,28.909628,79.949147,299,45720.0,41820.0,64125.0,15406.4,6682.5,50002.38,0.0,0.0,0.0,,0.0
,Khatima,2023-04-27,28.909628,79.949147,299,45720.0,41820.0,64125.0,15406.4,6682.5,50002.38,0.0,0.0,0.0,,0.0
,Khatima,2023-04-28,28.909628,79.949147,299,45720.0,41820.0,64125.0,15406.4,6682.5,50002.38,0.0,0.0,0.0,,0.0
,Khatima,2023-04-29,28.909628,79.949147,299,45720.0,41820.0,64125.0,15406.4,6682.5,50002.38,0.0,0.0,0.0,,6.47
,Khatima,2023-04-30,28.909628,79.949147,299,45720.0,41820.0,64125.0,15406.4,6682.5,50002.38,0.0,1.0,1.0,,19.41
,Khatima,2023-05-01,28.909628,79.949147,299,45720.0,41820.0,64125.0,15406.4,6682.5,50002.38,1.0,1.0,1.0,,44.48
,Khatima,2023-05-02,28.909628,79.949147,299,45720.0,41820.0,64125.0,15406.4,6682.5,50002.38,0.0,0.0,0.0,,0.0
,Khatima,2023-05-03,28.909628,79.949147,299,45720.0,41820.0,64125.0,15406.4,6682.5,50002.38,0.0,0.0,0.0,,0.0
,Khatima,2023-05-04,28.909628,79.949147,299,45720.0,41820.0,64125.0,15406.4,6682.5,50002.38,0.0,0.0,0.0,,0.0
,Khatima,2023-05-05,28.909628,79.949147,299,45720.0,41820.0,64125.0,15406.4,6682.5,50002.38,0.0,0.0,0.0,,0.0
,Khatima,2023-05-06,28.909628,79.949147,299,45720.0,41820.0,64125.0,15406.4,6682.5,50002.38,0.0,0.0,0.0,,0.0
,Khatima,2023-05-07,28.909628,79.949147,299,45720.0,41820.0,64125.0,15406.4,6682.5,50002.38,0.0,0.0,0.0,,0.0
,Khatima,2023-05-08,28.909628,79.949147,299,45720.0,41820.0,64125.0,15406.4,6682.5,50002.38,0.0,0.0,0.0,,0.0
,Khatima,2023-05-09,28.909628,79.949147,299,45720.0,41820.0,64125.0,15406.4,6682.5,50002.38,0.0,0.0,0.0,,0.0
,Khatima,2023-05-10,28.909628,79.949147,299,45720.0,41820.0,64125.0,15406.4,6682.5,50002.38,0.0,0.0,0.0,,0.0
,Khatima,2023-05-11,28.909628,79.949147,299,45720.0,41820.0,64125.0,15406.4,6682.5,50002.38,0.0,0.0,0.0,,0.0
,Khatima,2023-05-12,28.909628,79.949147,299,45720.0,41820.0,64125.0,15406.4,6682.5,50002.38,0.0,0.0,0.0,,0.0
,Khatima,2023-05-13,28.909628,79.949147,299,45720.0,41820.0,64125.0,15406.4,6682.5,50002.38,0.0,0.0,0.0,,0.0
,Khatima,2023-05-14,28.909628,79.949147,299,45720.0,41820.0,64125.0,15406.4,6682.5,50002.38,0.0,0.0,0.0,,0.0
,Khatima,2023-05-15,28.909628,79.949147,299,45720.0,41820.0,64125.0,15406.4,6682.5,50002.38,0.0,0.0,0.0,,0.0
,Khatima,2023-05-16,28.909628,79.949147,299,45720.0,41820.0,64125.0,15406.4,6682.5,50002.38,0.0,0.0,0.0,,0.0
,Khatima,2023-05-17,28.909628,79.949147,299,45720.0,41820.0,64125.0,15406.4,6682.5,50002.38,0.0,0.0,0.0,,0.0
,Khatima,2023-05-18,28.909628,79.949147,299,45720.0,41820.0,64125.0,15406.4,6682.5,50002.38,0.0,0.0,0.0,,0.0
,Khatima,2023-05-19,28.909628,79.949147,299,45720.0,41820.0,64125.0,15406.4,6682.5,50002.38,0.0,0.0,0.0,,0.0
,Khatima,2023-05-20,28.909628,79.949147,299,45720.0,41820.0,64125.0,15406.4,6682.5,50002.38,0.0,0.0,0.0,,0.0
,Khatima,2023-05-21,28.909628,79.949147,299,45720.0,41820.0,64125.0,15406.4,6682.5,50002.38,0.0,0.0,0.0,,0.0
,Khatima,2023-05-22,28.909628,79.949147,299,45720.0,41820.0,64125.0,15406.4,6682.5,50002.38,0.0,0.0,1.0,,18.31
,Khatima,2023-05-23,28.909628,79.949147,299,45720.0,41820.0,64125.0,15406.4,6682.5,50002.38,1.0,1.0,1.0,,36.63
,Khatima,2023-05-24,28.909628,79.949147,299,45720.0,41820.0,64125.0,15406.4,6682.5,50002.38,0.0,0.0,0.0,,0.0
,Khatima,2023-05-25,28.909628,79.949147,299,45720.0,41820.0,64125.0,15406.4,6682.5,50002.38,0.0,0.0,0.0,,0.0
,Khatima,2023-05-26,28.909628,79.949147,299,45720.0,41820.0,64125.0,15406.4,6682.5,50002.38,0.0,0.0,0.0,,0.0
,Khatima,2023-05-27,28.909628,79.949147,299,45720.0,41820.0,64125.0,15406.4,6682.5,50002.38,0.0,0.0,0.0,,0.0
,Khatima,2023-05-28,28.909628,79.949147,299,45720.0,41820.0,64125.0,15406.4,6682.5,50002.38,0.0,0.0,0.0,,0.0
,Khatima,2023-05-29,28.909628,79.949147,299,45720.0,41820.0,64125.0,15406.4,6682.5,50002.38,0.0,0.0,0.0,,0.0
,Khatima,2023-05-30,28.909628,79.949147,299,45720.0,41820.0,64125.0,15406.4,6682.5,50002.38,0.0,0.0,0.0,,0.0
,Khatima,2023-05-31,28.909628,79.949147,299,45720.0,41820.0,64125.0,15406.4,6682.5,50002.38,0.0,0.0,0.0,,0.0
,Khatima,2023-06-01,28.909628,79.949147,299,45720.0,41820.0,64125.0,15406.4,6682.5,50002.38,0.0,0.0,0.0,,0.0
,Khatima,2023-06-02,28.909628,79.949147,299,45720.0,41820.0,64125.0,15406.4,6682.5,50002.38,0.0,0.0,0.0,,0.0
,Khatima,2023-06-03,28.909628,79.949147,299,45720.0,41820.0,64125.0,15406.4,6682.5,50002.38,0.0,0.0,0.0,,0.0
,Khatima,2023-06-04,28.909628,79.949147,299,45720.0,41820.0,64125.0,15406.4,6682.5,50002.38,0.0,0.0,0.0,,0.0
,Khatima,2023-06-05,28.909628,79.949147,299,45720.0,41820.0,64125.0,15406.4,6682.5,50002.38,0.0,0.0,0.0,,0.0
,Khatima,2023-06-06,28.909628,79.949147,299,45720.0,41820.0,64125.0,15406.4,6682.5,50002.38,0.0,0.0,0.0,,0.0
,Khatima,2023-06-07,28.909628,79.949147,299,45720.0,41820.0,64125.0,15406.4,6682.5,50002.38,0.0,0.0,0.0,,0.0
,Khatima,2023-06-08,28.909628,79.949147,299,45720.0,41820.0,64125.0,15406.4,6682.5,50002.38,0.0,0.0,0.0,,0.0
,Khatima,2023-06-09,28.909628,79.949147,299,45720.0,41820.0,64125.0,15406.4,6682.5,50002.38,0.0,0.0,0.0,,0.0
,Khatima,2023-06-10,28.909628,79.949147,299,45720.0,41820.0,64125.0,15406.4,6682.5,50002.38,0.0,0.0,0.0,,0.0
,Khatima,2023-06-11,28.909628,79.949147,299,45720.0,41820.0,64125.0,15406.4,6682.5,50002.38,0.0,0.0,0.0,,0.0
,Khatima,2023-06-12,28.909628,79.949147,299,45720.0,41820.0,64125.0,15406.4,6682.5,50002.38,0.0,0.0,0.0,,0.0
,Khatima,2023-06-13,28.909628,79.949147,299,45720.0,41820.0,64125.0,15406.4,6682.5,50002.38,0.0,0.0,0.0,,0.0
,Khatima,2023-06-14,28.909628,79.949147,299,45720.0,41820.0,64125.0,15406.4,6682.5,50002.38,0.0,0.0,0.0,,0.0
,Khatima,2023-06-15,28.909628,79.949147,299,45720.0,41820.0,64125.0,15406.4,6682.5,50002.38,0.0,0.0,0.0,,0.0
,Khatima,2023-06-16,28.909628,79.949147,299,45720.0,41820.0,64125.0,15406.4,6682.5,50002.38,0.0,0.0,0.0,,0.0
,Khatima,2023-06-17,28.909628,79.949147,299,45720.0,41820.0,64125.0,15406.4,6682.5,50002.38,0.0,0.0,0.0,,0.0
,Khatima,2023-06-18,28.909628,79.949147,299,45720.0,41820.0,64125.0,15406.4,6682.5,50002.38,0.0,0.0,0.0,,0.0
,Khatima,2023-06-19,28.909628,79.949147,299,45720.0,41820.0,64125.0,15406.4,6682.5,50002.38,0.0,0.0,0.0,,0.0
,Khatima,2023-06-20,28.909628,79.949147,299,45720.0,41820.0,64125.0,15406.4,6682.5,50002.38,0.0,0.0,0.0,,0.0
,Khatima,2023-06-21,28.909628,79.949147,299,45720.0,41820.0,64125.0,15406.4,6682.5,50002.38,0.0,0.0,0.0,,0.0
,Khatima,2023-06-22,28.909628,79.949147,299,45720.0,41820.0,64125.0,15406.4,6682.5,50002.38,0.0,1.0,1.0,,22.22
,Khatima,2023-06-23,28.909628,79.949147,299,45720.0,41820.0,64125.0,15406.4,6682.5,50002.38,0.0,0.0,1.0,,11.11
,Khatima,2023-06-24,28.909628,79.949147,299,45720.0,41820.0,64125.0,15406.4,6682.5,50002.38,0.0,1.0,1.0,,22.22
,Khatima,2023-06-25,28.909628,79.949147,299,45720.0,41820.0,64125.0,15406.4,6682.5,50002.38,1.0,1.0,1.0,,33.33
,Khatima,2023-06-26,28.909628,79.949147,299,45720.0,41820.0,64125.0,15406.4,6682.5,50002.38,0.0,0.0,0.0,,0.0
,Khatima,2023-06-27,28.909628,79.949147,299,45720.0,41820.0,64125.0,15406.4,6682.5,50002.38,0.0,1.0,1.0,,23.04
,Khatima,2023-06-28,28.909628,79.949147,299,45720.0,41820.0,64125.0,15406.4,6682.5,50002.38,0.0,1.0,1.0,,23.04
,Khatima,2023-06-29,28.909628,79.949147,299,45720.0,41820.0,64125.0,15406.4,6682.5,50002.38,0.0,1.0,1.0,,23.04
,Khatima,2023-06-30,28.909628,79.949147,299,45720.0,41820.0,64125.0,15406.4,6682.5,50002.38,0.0,0.0,0.0,,0.0
,Khatima,2023-07-01,28.909628,79.949147,299,45720.0,41820.0,64125.0,15406.4,6682.5,50002.38,0.0,0.0,0.0,,0.0
,Khatima,2023-07-02,28.909628,79.949147,299,45720.0,41820.0,64125.0,15406.4,6682.5,50002.38,0.0,0.0,0.0,,0.0
,Khatima,2023-07-03,28.909628,79.949147,299,45720.0,41820.0,64125.0,15406.4,6682.5,50002.38,1.0,1.0,1.0,,55.42
,Khatima,2023-07-04,28.909628,79.949147,299,45720.0,41820.0,64125.0,15406.4,6682.5,50002.38,0.0,0.0,0.0,,0.0
,Khatima,2023-07-05,28.909628,79.949147,299,45720.0,41820.0,64125.0,15406.4,6682.5,50002.38,0.0,0.0,0.0,,0.0
,Khatima,2023-07-06,28.909628,79.949147,299,45720.0,41820.0,64125.0,15406.4,6682.5,50002.38,0.0,0.0,1.0,,15.46
,Khatima,2023-07-07,28.909628,79.949147,299,45720.0,41820.0,64125.0,15406.4,6682.5,50002.38,1.0,1.0,1.0,,30.91
,Khatima,2023-07-08,28.909628,79.949147,299,45720.0,41820.0,64125.0,15406.4,6682.5,50002.38,1.0,1.0,1.0,,30.91
,Khatima,2023-07-09,28.909628,79.949147,299,45720.0,41820.0,64125.0,15406.4,6682.5,50002.38,0.0,0.0,1.0,,15.46
,Khatima,2023-07-10,28.909628,79.949147,299,45720.0,41820.0,64125.0,15406.4,6682.5,50002.38,1.0,1.0,1.0,,30.91
,Khatima,2023-07-11,28.909628,79.949147,299,45720.0,41820.0,64125.0,15406.4,6682.5,50002.38,0.0,0.0,1.0,,12.04
,Khatima,2023-07-12,28.909628,79.949147,299,45720.0,41820.0,64125.0,15406.4,6682.5,50002.38,0.0,0.0,0.0,,0.0
,Khatima,2023-07-13,28.909628,79.949147,299,45720.0,41820.0,64125.0,15406.4,6682.5,50002.38,1.0,1.0,1.0,,36.12
,Khatima,2023-07-14,28.909628,79.949147,299,45720.0,41820.0,64125.0,15406.4,6682.5,50002.38,0.0,0.0,1.0,,12.04
,Khatima,2023-07-15,28.909628,79.949147,299,45720.0,41820.0,64125.0,15406.4,6682.5,50002.38,0.0,0.0,1.0,,12.04
,Khatima,2023-07-16,28.909628,79.949147,299,45720.0,41820.0,64125.0,15406.4,6682.5,50002.38,0.0,0.0,0.0,,0.0
,Khatima,2023-07-17,28.909628,79.949147,299,45720.0,41820.0,64125.0,15406.4,6682.5,50002.38,0.0,0.0,0.0,,0.0
,Khatima,2023-07-18,28.909628,79.949147,299,45720.0,41820.0,64125.0,15406.4,6682.5,50002.38,1.0,1.0,1.0,,32.42
,Khatima,2023-07-19,28.909628,79.949147,299,45720.0,41820.0,64125.0,15406.4,6682.5,50002.38,0.0,0.0,0.0,,0.0
,Khatima,2023-07-20,28.909628,79.949147,299,45720.0,41820.0,64125.0,15406.4,6682.5,50002.38,0.0,0.0,0.0,,0.0
,Khatima,2023-07-21,28.909628,79.949147,299,45720.0,41820.0,64125.0,15406.4,6682.5,50002.38,0.0,0.0,1.0,,15.86
,Khatima,2023-07-22,28.909628,79.949147,299,45720.0,41820.0,64125.0,15406.4,6682.5,50002.38,0.0,0.0,0.0,,7.93
,Khatima,2023-07-23,28.909628,79.949147,299,45720.0,41820.0,64125.0,15406.4,6682.5,50002.38,0.0,0.0,0.0,,0.0
,Khatima,2023-07-24,28.909628,79.949147,299,45720.0,41820.0,64125.0,15406.4,6682.5,50002.38,0.0,0.0,0.0,,0.0
,Khatima,2023-07-25,28.909628,79.949147,299,45720.0,41820.0,64125.0,15406.4,6682.5,50002.38,0.0,1.0,1.0,,23.79
,Khatima,2023-07-26,28.909628,79.949147,299,45720.0,41820.0,64125.0,15406.4,6682.5,50002.38,0.0,0.0,1.0,,13.09
,Khatima,2023-07-27,28.909628,79.949147,299,45720.0,41820.0,64125.0,15406.4,6682.5,50002.38,0.0,1.0,1.0,,26.18
,Khatima,2023-07-28,28.909628,79.949147,299,45720.0,41820.0,64125.0,15406.4,6682.5,50002.38,1.0,1.0,1.0,,39.27
,Khatima,2023-07-29,28.909628,79.949147,299,45720.0,41820.0,64125.0,15406.4,6682.5,50002.38,0.0,0.0,0.0,,0.0
,Khatima,2023-07-30,28.909628,79.949147,299,45720.0,41820.0,64125.0,15406.4,6682.5,50002.38,0.0,0.0,0.0,,0.0
,Khatima,2023-07-31,28.909628,79.949147,299,45720.0,41820.0,64125.0,15406.4,6682.5,50002.38,0.0,1.0,1.0,,26.18
,Khatima,2023-08-01,28.909628,79.949147,299,45720.0,41820.0,64125.0,15406.4,6682.5,50002.38,0.0,0.0,0.0,,10.51
,Khatima,2023-08-02,28.909628,79.949147,299,45720.0,41820.0,64125.0,15406.4,6682.5,50002.38,1.0,1.0,1.0,,42.02
,Khatima,2023-08-03,28.909628,79.949147,299,45720.0,41820.0,64125.0,15406.4,6682.5,50002.38,0.0,0.0,0.0,,10.51
,Khatima,2023-08-04,28.909628,79.949147,299,45720.0,41820.0,64125.0,15406.4,6682.5,50002.38,0.0,0.0,0.0,,10.51
,Khatima,2023-08-05,28.909628,79.949147,299,45720.0,41820.0,64125.0,15406.4,6682.5,50002.38,0.0,0.0,0.0,,0.0
,Khatima,2023-08-06,28.909628,79.949147,299,45720.0,41820.0,64125.0,15406.4,6682.5,50002.38,1.0,1.0,1.0,,33.99
,Khatima,2023-08-07,28.909628,79.949147,299,45720.0,41820.0,64125.0,15406.4,6682.5,50002.38,0.0,0.0,0.0,,6.8
,Khatima,2023-08-08,28.909628,79.949147,299,45720.0,41820.0,64125.0,15406.4,6682.5,50002.38,0.0,1.0,1.0,,20.39
,Khatima,2023-08-09,28.909628,79.949147,299,45720.0,41820.0,64125.0,15406.4,6682.5,50002.38,1.0,1.0,1.0,,33.99
,Khatima,2023-08-10,28.909628,79.949147,299,45720.0,41820.0,64125.0,15406.4,6682.5,50002.38,0.0,0.0,0.0,,0.0
,Khatima,2023-08-11,28.909628,79.949147,299,45720.0,41820.0,64125.0,15406.4,6682.5,50002.38,0.0,0.0,0.0,,7.74
,Khatima,2023-08-12,28.909628,79.949147,299,45720.0,41820.0,64125.0,15406.4,6682.5,50002.38,0.0,0.0,1.0,,15.47
,Khatima,2023-08-13,28.909628,79.949147,299,45720.0,41820.0,64125.0,15406.4,6682.5,50002.38,1.0,1.0,1.0,,61.89
,Khatima,2023-08-14,28.909628,79.949147,299,45720.0,41820.0,64125.0,15406.4,6682.5,50002.38,0.0,0.0,0.0,,0.0
,Khatima,2023-08-15,28.909628,79.949147,299,45720.0,41820.0,64125.0,15406.4,6682.5,50002.38,0.0,0.0,0.0,,0.0
,Khatima,2023-08-16,28.909628,79.949147,299,45720.0,41820.0,64125.0,15406.4,6682.5,50002.38,0.0,0.0,0.0,,0.0
,Khatima,2023-08-17,28.909628,79.949147,299,45720.0,41820.0,64125.0,15406.4,6682.5,50002.38,1.0,1.0,1.0,,34.39
,Khatima,2023-08-18,28.909628,79.949147,299,45720.0,41820.0,64125.0,15406.4,6682.5,50002.38,0.0,0.0,0.0,,8.6
,Khatima,2023-08-19,28.909628,79.949147,299,45720.0,41820.0,64125.0,15406.4,6682.5,50002.38,0.0,0.0,0.0,,0.0
,Khatima,2023-08-20,28.909628,79.949147,299,45720.0,41820.0,64125.0,15406.4,6682.5,50002.38,0.0,0.0,0.0,,0.0
,Khatima,2023-08-21,28.909628,79.949147,299,45720.0,41820.0,64125.0,15406.4,6682.5,50002.38,0.0,0.0,1.0,,12.15
,Khatima,2023-08-22,28.909628,79.949147,299,45720.0,41820.0,64125.0,15406.4,6682.5,50002.38,1.0,1.0,1.0,,85.02
,Khatima,2023-08-23,28.909628,79.949147,299,45720.0,41820.0,64125.0,15406.4,6682.5,50002.38,0.0,1.0,1.0,,24.29
,Khatima,2023-08-24,28.909628,79.949147,299,45720.0,41820.0,64125.0,15406.4,6682.5,50002.38,0.0,0.0,0.0,,0.0
,Khatima,2023-08-25,28.909628,79.949147,299,45720.0,41820.0,64125.0,15406.4,6682.5,50002.38,0.0,0.0,0.0,,0.0
,Khatima,2023-08-26,28.909628,79.949147,299,45720.0,41820.0,64125.0,15406.4,6682.5,50002.38,0.0,0.0,0.0,,0.0
,Khatima,2023-08-27,28.909628,79.949147,299,45720.0,41820.0,64125.0,15406.4,6682.5,50002.38,0.0,0.0,0.0,,0.0
,Khatima,2023-08-28,28.909628,79.949147,299,45720.0,41820.0,64125.0,15406.4,6682.5,50002.38,0.0,0.0,0.0,,0.0
,Khatima,2023-08-29,28.909628,79.949147,299,45720.0,41820.0,64125.0,15406.4,6682.5,50002.38,0.0,0.0,0.0,,0.0
,Khatima,2023-08-30,28.909628,79.949147,299,45720.0,41820.0,64125.0,15406.4,6682.5,50002.38,0.0,0.0,0.0,,0.0
,Khatima,2023-08-31,28.909628,79.949147,299,45720.0,41820.0,64125.0,15406.4,6682.5,50002.38,0.0,0.0,0.0,,0.0
,Khatima,2023-09-01,28.909628,79.949147,299,45720.0,41820.0,64125.0,15406.4,6682.5,50002.38,0.0,0.0,0.0,,0.0
,Khatima,2023-09-02,28.909628,79.949147,299,45720.0,41820.0,64125.0,15406.4,6682.5,50002.38,0.0,0.0,0.0,,0.0
,Khatima,2023-09-03,28.909628,79.949147,299,45720.0,41820.0,64125.0,15406.4,6682.5,50002.38,0.0,0.0,0.0,,0.0
,Khatima,2023-09-04,28.909628,79.949147,299,45720.0,41820.0,64125.0,15406.4,6682.5,50002.38,0.0,0.0,1.0,,11.73
,Khatima,2023-09-05,28.909628,79.949147,299,45720.0,41820.0,64125.0,15406.4,6682.5,50002.38,0.0,0.0,0.0,,0.0
,Khatima,2023-09-06,28.909628,79.949147,299,45720.0,41820.0,64125.0,15406.4,6682.5,50002.38,0.0,0.0,0.0,,0.0
,Khatima,2023-09-07,28.909628,79.949147,299,45720.0,41820.0,64125.0,15406.4,6682.5,50002.38,0.0,0.0,1.0,,13.4
,Khatima,2023-09-08,28.909628,79.949147,299,45720.0,41820.0,64125.0,15406.4,6682.5,50002.38,0.0,0.0,1.0,,13.4
,Khatima,2023-09-09,28.909628,79.949147,299,45720.0,41820.0,64125.0,15406.4,6682.5,50002.38,0.0,0.0,0.0,,0.0
,Khatima,2023-09-10,28.909628,79.949147,299,45720.0,41820.0,64125.0,15406.4,6682.5,50002.38,1.0,1.0,1.0,,67.0
,Khatima,2023-09-11,28.909628,79.949147,299,45720.0,41820.0,64125.0,15406.4,6682.5,50002.38,0.0,0.0,0.0,,0.0
,Khatima,2023-09-12,28.909628,79.949147,299,45720.0,41820.0,64125.0,15406.4,6682.5,50002.38,0.0,0.0,0.0,,0.0
,Khatima,2023-09-13,28.909628,79.949147,299,45720.0,41820.0,64125.0,15406.4,6682.5,50002.38,0.0,0.0,0.0,,0.0
,Khatima,2023-09-14,28.909628,79.949147,299,45720.0,41820.0,64125.0,15406.4,6682.5,50002.38,0.0,0.0,0.0,,0.0
,Khatima,2023-09-15,28.909628,79.949147,299,45720.0,41820.0,64125.0,15406.4,6682.5,50002.38,1.0,1.0,1.0,,53.57
,Khatima,2023-09-16,28.909628,79.949147,299,45720.0,41820.0,64125.0,15406.4,6682.5,50002.38,0.0,0.0,0.0,,0.0
,Khatima,2023-09-17,28.909628,79.949147,299,45720.0,41820.0,64125.0,15406.4,6682.5,50002.38,1.0,1.0,1.0,,53.63
,Khatima,2023-09-18,28.909628,79.949147,299,45720.0,41820.0,64125.0,15406.4,6682.5,50002.38,0.0,0.0,0.0,,0.0
,Khatima,2023-09-19,28.909628,79.949147,299,45720.0,41820.0,64125.0,15406.4,6682.5,50002.38,0.0,0.0,0.0,,0.0
,Khatima,2023-09-20,28.909628,79.949147,299,45720.0,41820.0,64125.0,15406.4,6682.5,50002.38,0.0,0.0,0.0,,0.0
,Khatima,2023-09-21,28.909628,79.949147,299,45720.0,41820.0,64125.0,15406.4,6682.5,50002.38,0.0,0.0,0.0,,0.0
,Khatima,2023-09-22,28.909628,79.949147,299,45720.0,41820.0,64125.0,15406.4,6682.5,50002.38,0.0,1.0,1.0,,27.27
,Khatima,2023-09-23,28.909628,79.949147,299,45720.0,41820.0,64125.0,15406.4,6682.5,50002.38,0.0,0.0,0.0,,0.0
,Khatima,2023-09-24,28.909628,79.949147,299,45720.0,41820.0,64125.0,15406.4,6682.5,50002.38,0.0,0.0,0.0,,0.0
,Khatima,2023-09-25,28.909628,79.949147,299,45720.0,41820.0,64125.0,15406.4,6682.5,50002.38,0.0,0.0,0.0,,0.0
,Khatima,2023-09-26,28.909628,79.949147,299,45720.0,41820.0,64125.0,15406.4,6682.5,50002.38,0.0,0.0,0.0,,0.0
,Khatima,2023-09-27,28.909628,79.949147,299,45720.0,41820.0,64125.0,15406.4,6682.5,50002.38,0.0,0.0,0.0,,0.0
,Khatima,2023-09-28,28.909628,79.949147,299,45720.0,41820.0,64125.0,15406.4,6682.5,50002.38,0.0,0.0,0.0,,0.0
,Khatima,2023-09-29,28.909628,79.949147,299,45720.0,41820.0,64125.0,15406.4,6682.5,50002.38,0.0,0.0,0.0,,0.0
,Khatima,2023-09-30,28.909628,79.949147,299,45720.0,41820.0,64125.0,15406.4,6682.5,50002.38,0.0,0.0,0.0,,0.0
,Khatima,2023-10-01,28.909628,79.949147,299,45720.0,41820.0,64125.0,15406.4,6682.5,50002.38,0.0,0.0,0.0,,0.0
,Khatima,2023-10-02,28.909628,79.949147,299,45720.0,41820.0,64125.0,15406.4,6682.5,50002.38,0.0,0.0,0.0,,0.0
,Khatima,2023-10-03,28.909628,79.949147,299,45720.0,41820.0,64125.0,15406.4,6682.5,50002.38,0.0,0.0,0.0,,0.0
,Khatima,2023-10-04,28.909628,79.949147,299,45720.0,41820.0,64125.0,15406.4,6682.5,50002.38,0.0,0.0,0.0,,0.0
,Khatima,2023-10-05,28.909628,79.949147,299,45720.0,41820.0,64125.0,15406.4,6682.5,50002.38,0.0,0.0,0.0,,0.0
,Khatima,2023-10-06,28.909628,79.949147,299,45720.0,41820.0,64125.0,15406.4,6682.5,50002.38,0.0,0.0,0.0,,0.0
,Khatima,2023-10-07,28.909628,79.949147,299,45720.0,41820.0,64125.0,15406.4,6682.5,50002.38,0.0,0.0,0.0,,0.0
,Khatima,2023-10-08,28.909628,79.949147,299,45720.0,41820.0,64125.0,15406.4,6682.5,50002.38,0.0,0.0,0.0,,0.0
,Khatima,2023-10-09,28.909628,79.949147,299,45720.0,41820.0,64125.0,15406.4,6682.5,50002.38,0.0,0.0,0.0,,0.0
,Khatima,2023-10-10,28.909628,79.949147,299,45720.0,41820.0,64125.0,15406.4,6682.5,50002.38,0.0,0.0,0.0,,0.0
,Khatima,2023-10-11,28.909628,79.949147,299,45720.0,41820.0,64125.0,15406.4,6682.5,50002.38,0.0,0.0,0.0,,0.0
,Khatima,2023-10-12,28.909628,79.949147,299,45720.0,41820.0,64125.0,15406.4,6682.5,50002.38,0.0,0.0,0.0,,0.0
,Khatima,2023-10-13,28.909628,79.949147,299,45720.0,41820.0,64125.0,15406.4,6682.5,50002.38,0.0,0.0,0.0,,0.0
,Khatima,2023-10-14,28.909628,79.949147,299,45720.0,41820.0,64125.0,15406.4,6682.5,50002.38,0.0,0.0,0.0,,0.0
,Khatima,2023-10-15,28.909628,79.949147,299,45720.0,41820.0,64125.0,15406.4,6682.5,50002.38,0.0,0.0,0.0,,0.0
,Khatima,2023-10-16,28.909628,79.949147,299,45720.0,41820.0,64125.0,15406.4,6682.5,50002.38,1.0,1.0,1.0,,31.09
,Khatima,2023-10-17,28.909628,79.949147,299,45720.0,41820.0,64125.0,15406.4,6682.5,50002.38,0.0,0.0,0.0,,0.0
,Khatima,2023-10-18,28.909628,79.949147,299,45720.0,41820.0,64125.0,15406.4,6682.5,50002.38,0.0,0.0,0.0,,0.0
,Khatima,2023-10-19,28.909628,79.949147,299,45720.0,41820.0,64125.0,15406.4,6682.5,50002.38,0.0,0.0,0.0,,0.0
,Khatima,2023-10-20,28.909628,79.949147,299,45720.0,41820.0,64125.0,15406.4,6682.5,50002.38,0.0,0.0,0.0,,0.0
,Khatima,2023-10-21,28.909628,79.949147,299,45720.0,41820.0,64125.0,15406.4,6682.5,50002.38,0.0,0.0,0.0,,0.0
,Khatima,2023-10-22,28.909628,79.949147,299,45720.0,41820.0,64125.0,15406.4,6682.5,50002.38,0.0,0.0,0.0,,0.0
,Khatima,2023-10-23,28.909628,79.949147,299,45720.0,41820.0,64125.0,15406.4,6682.5,50002.38,0.0,0.0,0.0,,0.0
,Khatima,2023-10-24,28.909628,79.949147,299,45720.0,41820.0,64125.0,15406.4,6682.5,50002.38,0.0,0.0,0.0,,0.0
,Khatima,2023-10-25,28.909628,79.949147,299,45720.0,41820.0,64125.0,15406.4,6682.5,50002.38,0.0,0.0,0.0,,0.0
,Khatima,2023-10-26,28.909628,79.949147,299,45720.0,41820.0,64125.0,15406.4,6682.5,50002.38,0.0,0.0,0.0,,0.0
,Khatima,2023-10-27,28.909628,79.949147,299,45720.0,41820.0,64125.0,15406.4,6682.5,50002.38,0.0,0.0,0.0,,0.0
,Khatima,2023-10-28,28.909628,79.949147,299,45720.0,41820.0,64125.0,15406.4,6682.5,50002.38,0.0,0.0,0.0,,0.0
,Khatima,2023-10-29,28.909628,79.949147,299,45720.0,41820.0,64125.0,15406.4,6682.5,50002.38,0.0,0.0,0.0,,0.0
,Khatima,2023-10-30,28.909628,79.949147,299,45720.0,41820.0,64125.0,15406.4,6682.5,50002.38,0.0,0.0,0.0,,0.0
,Khatima,2023-10-31,28.909628,79.949147,299,45720.0,41820.0,64125.0,15406.4,6682.5,50002.38,0.0,0.0,0.0,,0.0
,Khatima,2023-11-01,28.909628,79.949147,299,45720.0,41820.0,64125.0,15406.4,6682.5,50002.38,0.0,0.0,0.0,,0.0
,Khatima,2023-11-02,28.909628,79.949147,299,45720.0,41820.0,64125.0,15406.4,6682.5,50002.38,0.0,0.0,0.0,,0.0
,Khatima,2023-11-03,28.909628,79.949147,299,45720.0,41820.0,64125.0,15406.4,6682.5,50002.38,0.0,0.0,0.0,,0.0
,Khatima,2023-11-04,28.909628,79.949147,299,45720.0,41820.0,64125.0,15406.4,6682.5,50002.38,0.0,0.0,0.0,,0.0
,Khatima,2023-11-05,28.909628,79.949147,299,45720.0,41820.0,64125.0,15406.4,6682.5,50002.38,0.0,0.0,0.0,,0.0
,Khatima,2023-11-06,28.909628,79.949147,299,45720.0,41820.0,64125.0,15406.4,6682.5,50002.38,0.0,0.0,0.0,,0.0
,Khatima,2023-11-07,28.909628,79.949147,299,45720.0,41820.0,64125.0,15406.4,6682.5,50002.38,0.0,0.0,0.0,,0.0
,Khatima,2023-11-08,28.909628,79.949147,299,45720.0,41820.0,64125.0,15406.4,6682.5,50002.38,0.0,0.0,0.0,,0.0
,Khatima,2023-11-09,28.909628,79.949147,299,45720.0,41820.0,64125.0,15406.4,6682.5,50002.38,0.0,0.0,0.0,,0.0
,Khatima,2023-11-10,28.909628,79.949147,299,45720.0,41820.0,64125.0,15406.4,6682.5,50002.38,0.0,0.0,0.0,,0.0
,Khatima,2023-11-11,28.909628,79.949147,299,45720.0,41820.0,64125.0,15406.4,6682.5,50002.38,0.0,0.0,0.0,,0.0
,Khatima,2023-11-12,28.909628,79.949147,299,45720.0,41820.0,64125.0,15406.4,6682.5,50002.38,0.0,0.0,0.0,,0.0
,Khatima,2023-11-13,28.909628,79.949147,299,45720.0,41820.0,64125.0,15406.4,6682.5,50002.38,0.0,0.0,0.0,,0.0
,Khatima,2023-11-14,28.909628,79.949147,299,45720.0,41820.0,64125.0,15406.4,6682.5,50002.38,0.0,0.0,0.0,,0.0
,Khatima,2023-11-15,28.909628,79.949147,299,45720.0,41820.0,64125.0,15406.4,6682.5,50002.38,0.0,0.0,0.0,,0.0
,Khatima,2023-11-16,28.909628,79.949147,299,45720.0,41820.0,64125.0,15406.4,6682.5,50002.38,0.0,0.0,0.0,,0.0
,Khatima,2023-11-17,28.909628,79.949147,299,45720.0,41820.0,64125.0,15406.4,6682.5,50002.38,0.0,0.0,0.0,,0.0
,Khatima,2023-11-18,28.909628,79.949147,299,45720.0,41820.0,64125.0,15406.4,6682.5,50002.38,0.0,0.0,0.0,,0.0
,Khatima,2023-11-19,28.909628,79.949147,299,45720.0,41820.0,64125.0,15406.4,6682.5,50002.38,0.0,0.0,0.0,,0.0
,Khatima,2023-11-20,28.909628,79.949147,299,45720.0,41820.0,64125.0,15406.4,6682.5,50002.38,0.0,0.0,0.0,,0.0
,Khatima,2023-11-21,28.909628,79.949147,299,45720.0,41820.0,64125.0,15406.4,6682.5,50002.38,0.0,0.0,0.0,,0.0
,Khatima,2023-11-22,28.909628,79.949147,299,45720.0,41820.0,64125.0,15406.4,6682.5,50002.38,0.0,0.0,0.0,,0.0
,Khatima,2023-11-23,28.909628,79.949147,299,45720.0,41820.0,64125.0,15406.4,6682.5,50002.38,0.0,0.0,0.0,,0.0
,Khatima,2023-11-24,28.909628,79.949147,299,45720.0,41820.0,64125.0,15406.4,6682.5,50002.38,0.0,0.0,0.0,,0.0
,Khatima,2023-11-25,28.909628,79.949147,299,45720.0,41820.0,64125.0,15406.4,6682.5,50002.38,0.0,0.0,0.0,,0.0
,Khatima,2023-11-26,28.909628,79.949147,299,45720.0,41820.0,64125.0,15406.4,6682.5,50002.38,0.0,0.0,0.0,,0.0
,Khatima,2023-11-27,28.909628,79.949147,299,45720.0,41820.0,64125.0,15406.4,6682.5,50002.38,0.0,0.0,0.0,,4.16
,Khatima,2023-11-28,28.909628,79.949147,299,45720.0,41820.0,64125.0,15406.4,6682.5,50002.38,0.0,0.0,0.0,,0.0
,Khatima,2023-11-29,28.909628,79.949147,299,45720.0,41820.0,64125.0,15406.4,6682.5,50002.38,0.0,0.0,0.0,,0.0
,Khatima,2023-11-30,28.909628,79.949147,299,45720.0,41820.0,64125.0,15406.4,6682.5,50002.38,0.0,0.0,0.0,,0.0
,Khatima,2023-12-01,28.909628,79.949147,299,45720.0,41820.0,64125.0,15406.4,6682.5,50002.38,0.0,0.0,0.0,,0.0
,Khatima,2023-12-02,28.909628,79.949147,299,45720.0,41820.0,64125.0,15406.4,6682.5,50002.38,0.0,0.0,0.0,,0.0
,Khatima,2023-12-03,28.909628,79.949147,299,45720.0,41820.0,64125.0,15406.4,6682.5,50002.38,0.0,0.0,0.0,,0.0
,Khatima,2023-12-04,28.909628,79.949147,299,45720.0,41820.0,64125.0,15406.4,6682.5,50002.38,0.0,0.0,0.0,,0.0
,Khatima,2023-12-05,28.909628,79.949147,299,45720.0,41820.0,64125.0,15406.4,6682.5,50002.38,0.0,0.0,0.0,,0.0
,Khatima,2023-12-06,28.909628,79.949147,299,45720.0,41820.0,64125.0,15406.4,6682.5,50002.38,0.0,0.0,0.0,,0.0
,Khatima,2023-12-07,28.909628,79.949147,299,45720.0,41820.0,64125.0,15406.4,6682.5,50002.38,0.0,0.0,0.0,,0.0
,Khatima,2023-12-08,28.909628,79.949147,299,45720.0,41820.0,64125.0,15406.4,6682.5,50002.38,0.0,0.0,0.0,,0.0
,Khatima,2023-12-09,28.909628,79.949147,299,45720.0,41820.0,64125.0,15406.4,6682.5,50002.38,0.0,0.0,0.0,,0.0
,Khatima,2023-12-10,28.909628,79.949147,299,45720.0,41820.0,64125.0,15406.4,6682.5,50002.38,0.0,0.0,0.0,,4.11
,Khatima,2023-12-11,28.909628,79.949147,299,45720.0,41820.0,64125.0,15406.4,6682.5,50002.38,0.0,0.0,0.0,,0.0
,Khatima,2023-12-12,28.909628,79.949147,299,45720.0,41820.0,64125.0,15406.4,6682.5,50002.38,0.0,0.0,0.0,,4.39
,Khatima,2023-12-13,28.909628,79.949147,299,45720.0,41820.0,64125.0,15406.4,6682.5,50002.38,0.0,0.0,0.0,,0.0
,Khatima,2023-12-14,28.909628,79.949147,299,45720.0,41820.0,64125.0,15406.4,6682.5,50002.38,0.0,0.0,0.0,,0.0
,Khatima,2023-12-15,28.909628,79.949147,299,45720.0,41820.0,64125.0,15406.4,6682.5,50002.38,0.0,0.0,0.0,,0.0
,Khatima,2023-12-16,28.909628,79.949147,299,45720.0,41820.0,64125.0,15406.4,6682.5,50002.38,0.0,0.0,0.0,,0.0
,Khatima,2023-12-17,28.909628,79.949147,299,45720.0,41820.0,64125.0,15406.4,6682.5,50002.38,0.0,0.0,0.0,,0.0
,Khatima,2023-12-18,28.909628,79.949147,299,45720.0,41820.0,64125.0,15406.4,6682.5,50002.38,0.0,0.0,0.0,,0.0
,Khatima,2023-12-19,28.909628,79.949147,299,45720.0,41820.0,64125.0,15406.4,6682.5,50002.38,0.0,0.0,0.0,,0.0
,Khatima,2023-12-20,28.909628,79.949147,299,45720.0,41820.0,64125.0,15406.4,6682.5,50002.38,0.0,0.0,0.0,,0.0
,Khatima,2023-12-21,28.909628,79.949147,299,45720.0,41820.0,64125.0,15406.4,6682.5,50002.38,0.0,0.0,0.0,,0.0
,Khatima,2023-12-22,28.909628,79.949147,299,45720.0,41820.0,64125.0,15406.4,6682.5,50002.38,0.0,0.0,0.0,,0.0
,Khatima,2023-12-23,28.909628,79.949147,299,45720.0,41820.0,64125.0,15406.4,6682.5,50002.38,0.0,0.0,0.0,,0.0
,Khatima,2023-12-24,28.909628,79.949147,299,45720.0,41820.0,64125.0,15406.4,6682.5,50002.38,0.0,0.0,0.0,,0.0
,Khatima,2023-12-25,28.909628,79.949147,299,45720.0,41820.0,64125.0,15406.4,6682.5,50002.38,0.0,0.0,0.0,,0.0
,Khatima,2023-12-26,28.909628,79.949147,299,45720.0,41820.0,64125.0,15406.4,6682.5,50002.38,0.0,0.0,0.0,,0.0
,Khatima,2023-12-27,28.909628,79.949147,299,45720.0,41820.0,64125.0,15406.4,6682.5,50002.38,0.0,0.0,0.0,,0.0
,Khatima,2023-12-28,28.909628,79.949147,299,45720.0,41820.0,64125.0,15406.4,6682.5,50002.38,0.0,0.0,0.0,,0.0
,Khatima,2023-12-29,28.909628,79.949147,299,45720.0,41820.0,64125.0,15406.4,6682.5,50002.38,0.0,0.0,0.0,,0.0
,Khatima,2023-12-30,28.909628,79.949147,299,45720.0,41820.0,64125.0,15406.4,6682.5,50002.38,0.0,0.0,0.0,,0.0
,Khatima,2023-12-31,28.909628,79.949147,299,45720.0,41820.0,64125.0,15406.4,6682.5,50002.38,0.0,0.0,0.0,,0.0
,Khatima,2024-01-01,28.909628,79.949147,299,45720.0,41820.0,64125.0,15406.4,6682.5,50002.38,0.0,0.0,0.0,,0.0
,Khatima,2024-01-02,28.909628,79.949147,299,45720.0,41820.0,64125.0,15406.4,6682.5,50002.38,0.0,0.0,0.0,,0.0
,Khatima,2024-01-03,28.909628,79.949147,299,45720.0,41820.0,64125.0,15406.4,6682.5,50002.38,0.0,0.0,0.0,,0.0
,Khatima,2024-01-04,28.909628,79.949147,299,45720.0,41820.0,64125.0,15406.4,6682.5,50002.38,0.0,0.0,0.0,,0.0
,Khatima,2024-01-05,28.909628,79.949147,299,45720.0,41820.0,64125.0,15406.4,6682.5,50002.38,0.0,0.0,0.0,,0.0
,Khatima,2024-01-06,28.909628,79.949147,299,45720.0,41820.0,64125.0,15406.4,6682.5,50002.38,0.0,0.0,0.0,,0.0
,Khatima,2024-01-07,28.909628,79.949147,299,45720.0,41820.0,64125.0,15406.4,6682.5,50002.38,0.0,0.0,0.0,,0.0
,Khatima,2024-01-08,28.909628,79.949147,299,45720.0,41820.0,64125.0,15406.4,6682.5,50002.38,0.0,0.0,0.0,,0.0
,Khatima,2024-01-09,28.909628,79.949147,299,45720.0,41820.0,64125.0,15406.4,6682.5,50002.38,0.0,0.0,0.0,,0.0
,Khatima,2024-01-10,28.909628,79.949147,299,45720.0,41820.0,64125.0,15406.4,6682.5,50002.38,0.0,0.0,0.0,,0.0
,Khatima,2024-01-11,28.909628,79.949147,299,45720.0,41820.0,64125.0,15406.4,6682.5,50002.38,0.0,0.0,0.0,,0.0
,Khatima,2024-01-12,28.909628,79.949147,299,45720.0,41820.0,64125.0,15406.4,6682.5,50002.38,0.0,0.0,0.0,,0.0
,Khatima,2024-01-13,28.909628,79.949147,299,45720.0,41820.0,64125.0,15406.4,6682.5,50002.38,0.0,0.0,0.0,,0.0
,Khatima,2024-01-14,28.909628,79.949147,299,45720.0,41820.0,64125.0,15406.4,6682.5,50002.38,0.0,0.0,0.0,,0.0
,Khatima,2024-01-15,28.909628,79.949147,299,45720.0,41820.0,64125.0,15406.4,6682.5,50002.38,0.0,0.0,0.0,,0.0
,Khatima,2024-01-16,28.909628,79.949147,299,45720.0,41820.0,64125.0,15406.4,6682.5,50002.38,0.0,0.0,0.0,,0.0
,Khatima,2024-01-17,28.909628,79.949147,299,45720.0,41820.0,64125.0,15406.4,6682.5,50002.38,0.0,0.0,0.0,,0.0
,Khatima,2024-01-18,28.909628,79.949147,299,45720.0,41820.0,64125.0,15406.4,6682.5,50002.38,0.0,0.0,0.0,,0.0
,Khatima,2024-01-19,28.909628,79.949147,299,45720.0,41820.0,64125.0,15406.4,6682.5,50002.38,0.0,0.0,0.0,,0.0
,Khatima,2024-01-20,28.909628,79.949147,299,45720.0,41820.0,64125.0,15406.4,6682.5,50002.38,0.0,0.0,0.0,,0.0
,Khatima,2024-01-21,28.909628,79.949147,299,45720.0,41820.0,64125.0,15406.4,6682.5,50002.38,0.0,0.0,0.0,,0.0
,Khatima,2024-01-22,28.909628,79.949147,299,45720.0,41820.0,64125.0,15406.4,6682.5,50002.38,0.0,0.0,0.0,,0.0
,Khatima,2024-01-23,28.909628,79.949147,299,45720.0,41820.0,64125.0,15406.4,6682.5,50002.38,0.0,0.0,0.0,,0.0
,Khatima,2024-01-24,28.909628,79.949147,299,45720.0,41820.0,64125.0,15406.4,6682.5,50002.38,0.0,0.0,0.0,,0.0
,Khatima,2024-01-25,28.909628,79.949147,299,45720.0,41820.0,64125.0,15406.4,6682.5,50002.38,0.0,0.0,0.0,,0.0
,Khatima,2024-01-26,28.909628,79.949147,299,45720.0,41820.0,64125.0,15406.4,6682.5,50002.38,0.0,0.0,0.0,,0.0
,Khatima,2024-01-27,28.909628,79.949147,299,45720.0,41820.0,64125.0,15406.4,6682.5,50002.38,0.0,0.0,0.0,,0.0
,Khatima,2024-01-28,28.909628,79.949147,299,45720.0,41820.0,64125.0,15406.4,6682.5,50002.38,0.0,1.0,1.0,,23.77
,Khatima,2024-01-29,28.909628,79.949147,299,45720.0,41820.0,64125.0,15406.4,6682.5,50002.38,0.0,0.0,0.0,,0.0
,Khatima,2024-01-30,28.909628,79.949147,299,45720.0,41820.0,64125.0,15406.4,6682.5,50002.38,0.0,0.0,0.0,,0.0
,Khatima,2024-01-31,28.909628,79.949147,299,45720.0,41820.0,64125.0,15406.4,6682.5,50002.38,0.0,0.0,0.0,,0.0
,Khatima,2024-02-01,28.909628,79.949147,299,45720.0,41820.0,64125.0,15406.4,6682.5,50002.38,0.0,0.0,0.0,,0.0
,Khatima,2024-02-02,28.909628,79.949147,299,45720.0,41820.0,64125.0,15406.4,6682.5,50002.38,0.0,0.0,0.0,,0.0
,Khatima,2024-02-03,28.909628,79.949147,299,45720.0,41820.0,64125.0,15406.4,6682.5,50002.38,0.0,0.0,0.0,,0.0
,Khatima,2024-02-04,28.909628,79.949147,299,45720.0,41820.0,64125.0,15406.4,6682.5,50002.38,0.0,0.0,0.0,,0.0
,Khatima,2024-02-05,28.909628,79.949147,299,45720.0,41820.0,64125.0,15406.4,6682.5,50002.38,0.0,0.0,0.0,,0.0
,Khatima,2024-02-06,28.909628,79.949147,299,45720.0,41820.0,64125.0,15406.4,6682.5,50002.38,0.0,0.0,0.0,,0.0
,Khatima,2024-02-07,28.909628,79.949147,299,45720.0,41820.0,64125.0,15406.4,6682.5,50002.38,0.0,0.0,0.0,,0.0
,Khatima,2024-02-08,28.909628,79.949147,299,45720.0,41820.0,64125.0,15406.4,6682.5,50002.38,0.0,0.0,0.0,,0.0
,Khatima,2024-02-09,28.909628,79.949147,299,45720.0,41820.0,64125.0,15406.4,6682.5,50002.38,0.0,0.0,0.0,,0.0
,Khatima,2024-02-10,28.909628,79.949147,299,45720.0,41820.0,64125.0,15406.4,6682.5,50002.38,0.0,0.0,0.0,,0.0
,Khatima,2024-02-11,28.909628,79.949147,299,45720.0,41820.0,64125.0,15406.4,6682.5,50002.38,0.0,0.0,0.0,,0.0
,Khatima,2024-02-12,28.909628,79.949147,299,45720.0,41820.0,64125.0,15406.4,6682.5,50002.38,0.0,1.0,1.0,,20.73
,Khatima,2024-02-13,28.909628,79.949147,299,45720.0,41820.0,64125.0,15406.4,6682.5,50002.38,0.0,0.0,0.0,,0.0
,Khatima,2024-02-14,28.909628,79.949147,299,45720.0,41820.0,64125.0,15406.4,6682.5,50002.38,0.0,0.0,0.0,,0.0
,Khatima,2024-02-15,28.909628,79.949147,299,45720.0,41820.0,64125.0,15406.4,6682.5,50002.38,0.0,0.0,0.0,,0.0
,Khatima,2024-02-16,28.909628,79.949147,299,45720.0,41820.0,64125.0,15406.4,6682.5,50002.38,0.0,0.0,0.0,,0.0
,Khatima,2024-02-17,28.909628,79.949147,299,45720.0,41820.0,64125.0,15406.4,6682.5,50002.38,0.0,0.0,0.0,,0.0
,Khatima,2024-02-18,28.909628,79.949147,299,45720.0,41820.0,64125.0,15406.4,6682.5,50002.38,0.0,0.0,0.0,,0.0
,Khatima,2024-02-19,28.909628,79.949147,299,45720.0,41820.0,64125.0,15406.4,6682.5,50002.38,0.0,0.0,0.0,,0.0
,Khatima,2024-02-20,28.909628,79.949147,299,45720.0,41820.0,64125.0,15406.4,6682.5,50002.38,0.0,0.0,0.0,,0.0
,Khatima,2024-02-21,28.909628,79.949147,299,45720.0,41820.0,64125.0,15406.4,6682.5,50002.38,0.0,0.0,0.0,,0.0
,Khatima,2024-02-22,28.909628,79.949147,299,45720.0,41820.0,64125.0,15406.4,6682.5,50002.38,0.0,0.0,0.0,,0.0
,Khatima,2024-02-23,28.909628,79.949147,299,45720.0,41820.0,64125.0,15406.4,6682.5,50002.38,0.0,0.0,0.0,,0.0
,Khatima,2024-02-24,28.909628,79.949147,299,45720.0,41820.0,64125.0,15406.4,6682.5,50002.38,0.0,0.0,0.0,,0.0
,Khatima,2024-02-25,28.909628,79.949147,299,45720.0,41820.0,64125.0,15406.4,6682.5,50002.38,0.0,1.0,1.0,,20.03
,Khatima,2024-02-26,28.909628,79.949147,299,45720.0,41820.0,64125.0,15406.4,6682.5,50002.38,0.0,0.0,0.0,,0.0
,Khatima,2024-02-27,28.909628,79.949147,299,45720.0,41820.0,64125.0,15406.4,6682.5,50002.38,0.0,0.0,0.0,,0.0
,Khatima,2024-02-28,28.909628,79.949147,299,45720.0,41820.0,64125.0,15406.4,6682.5,50002.38,0.0,0.0,0.0,,0.0
,Khatima,2024-02-29,28.909628,79.949147,299,45720.0,41820.0,64125.0,15406.4,6682.5,50002.38,0.0,0.0,0.0,,0.0
,Khatima,2024-03-01,28.909628,79.949147,299,45720.0,41820.0,64125.0,15406.4,6682.5,50002.38,1.0,1.0,1.0,,29.25
,Khatima,2024-03-02,28.909628,79.949147,299,45720.0,41820.0,64125.0,15406.4,6682.5,50002.38,0.0,0.0,0.0,,0.0
,Khatima,2024-03-03,28.909628,79.949147,299,45720.0,41820.0,64125.0,15406.4,6682.5,50002.38,0.0,0.0,0.0,,0.0
,Khatima,2024-03-04,28.909628,79.949147,299,45720.0,41820.0,64125.0,15406.4,6682.5,50002.38,0.0,0.0,0.0,,0.0
,Khatima,2024-03-05,28.909628,79.949147,299,45720.0,41820.0,64125.0,15406.4,6682.5,50002.38,0.0,0.0,0.0,,0.0
,Khatima,2024-03-06,28.909628,79.949147,299,45720.0,41820.0,64125.0,15406.4,6682.5,50002.38,0.0,0.0,0.0,,0.0
,Khatima,2024-03-07,28.909628,79.949147,299,45720.0,41820.0,64125.0,15406.4,6682.5,50002.38,0.0,0.0,0.0,,0.0
,Khatima,2024-03-08,28.909628,79.949147,299,45720.0,41820.0,64125.0,15406.4,6682.5,50002.38,0.0,0.0,0.0,,0.0
,Khatima,2024-03-09,28.909628,79.949147,299,45720.0,41820.0,64125.0,15406.4,6682.5,50002.38,0.0,0.0,0.0,,0.0
,Khatima,2024-03-10,28.909628,79.949147,299,45720.0,41820.0,64125.0,15406.4,6682.5,50002.38,0.0,0.0,0.0,,0.0
,Khatima,2024-03-11,28.909628,79.949147,299,45720.0,41820.0,64125.0,15406.4,6682.5,50002.38,0.0,0.0,0.0,,0.0
,Khatima,2024-03-12,28.909628,79.949147,299,45720.0,41820.0,64125.0,15406.4,6682.5,50002.38,0.0,0.0,0.0,,0.0
,Khatima,2024-03-13,28.909628,79.949147,299,45720.0,41820.0,64125.0,15406.4,6682.5,50002.38,0.0,0.0,0.0,,0.0
,Khatima,2024-03-14,28.909628,79.949147,299,45720.0,41820.0,64125.0,15406.4,6682.5,50002.38,0.0,0.0,0.0,,0.0
,Khatima,2024-03-15,28.909628,79.949147,299,45720.0,41820.0,64125.0,15406.4,6682.5,50002.38,0.0,0.0,0.0,,0.0
,Khatima,2024-03-16,28.909628,79.949147,299,45720.0,41820.0,64125.0,15406.4,6682.5,50002.38,0.0,0.0,0.0,,0.0
,Khatima,2024-03-17,28.909628,79.949147,299,45720.0,41820.0,64125.0,15406.4,6682.5,50002.38,0.0,0.0,0.0,,0.0
,Khatima,2024-03-18,28.909628,79.949147,299,45720.0,41820.0,64125.0,15406.4,6682.5,50002.38,0.0,0.0,0.0,,0.0
,Khatima,2024-03-19,28.909628,79.949147,299,45720.0,41820.0,64125.0,15406.4,6682.5,50002.38,0.0,0.0,0.0,,0.0
,Khatima,2024-03-20,28.909628,79.949147,299,45720.0,41820.0,64125.0,15406.4,6682.5,50002.38,0.0,0.0,0.0,,0.0
,Khatima,2024-03-21,28.909628,79.949147,299,45720.0,41820.0,64125.0,15406.4,6682.5,50002.38,0.0,0.0,0.0,,0.0
,Khatima,2024-03-22,28.909628,79.949147,299,45720.0,41820.0,64125.0,15406.4,6682.5,50002.38,0.0,0.0,0.0,,0.0
,Khatima,2024-03-23,28.909628,79.949147,299,45720.0,41820.0,64125.0,15406.4,6682.5,50002.38,0.0,0.0,0.0,,0.0
,Khatima,2024-03-24,28.909628,79.949147,299,45720.0,41820.0,64125.0,15406.4,6682.5,50002.38,0.0,0.0,0.0,,0.0
,Khatima,2024-03-25,28.909628,79.949147,299,45720.0,41820.0,64125.0,15406.4,6682.5,50002.38,0.0,0.0,0.0,,0.0
,Khatima,2024-03-26,28.909628,79.949147,299,45720.0,41820.0,64125.0,15406.4,6682.5,50002.38,0.0,0.0,0.0,,0.0
,Khatima,2024-03-27,28.909628,79.949147,299,45720.0,41820.0,64125.0,15406.4,6682.5,50002.38,0.0,0.0,0.0,,0.0
,Khatima,2024-03-28,28.909628,79.949147,299,45720.0,41820.0,64125.0,15406.4,6682.5,50002.38,0.0,0.0,0.0,,0.0
,Khatima,2024-03-29,28.909628,79.949147,299,45720.0,41820.0,64125.0,15406.4,6682.5,50002.38,0.0,0.0,0.0,,0.0
,Khatima,2024-03-30,28.909628,79.949147,299,45720.0,41820.0,64125.0,15406.4,6682.5,50002.38,0.0,0.0,0.0,,0.0
,Khatima,2024-03-31,28.909628,79.949147,299,45720.0,41820.0,64125.0,15406.4,6682.5,50002.38,0.0,0.0,0.0,,0.0
,Khatima,2024-04-01,28.909628,79.949147,299,45720.0,41820.0,64125.0,15406.4,6682.5,50002.38,0.0,0.0,0.0,,0.0
,Khatima,2024-04-02,28.909628,79.949147,299,45720.0,41820.0,64125.0,15406.4,6682.5,50002.38,0.0,0.0,0.0,,0.0
,Khatima,2024-04-03,28.909628,79.949147,299,45720.0,41820.0,64125.0,15406.4,6682.5,50002.38,0.0,0.0,0.0,,0.0
,Khatima,2024-04-04,28.909628,79.949147,299,45720.0,41820.0,64125.0,15406.4,6682.5,50002.38,0.0,0.0,0.0,,0.0
,Khatima,2024-04-05,28.909628,79.949147,299,45720.0,41820.0,64125.0,15406.4,6682.5,50002.38,0.0,0.0,0.0,,0.0
,Khatima,2024-04-06,28.909628,79.949147,299,45720.0,41820.0,64125.0,15406.4,6682.5,50002.38,0.0,0.0,0.0,,0.0
,Khatima,2024-04-07,28.909628,79.949147,299,45720.0,41820.0,64125.0,15406.4,6682.5,50002.38,0.0,0.0,0.0,,0.0
,Khatima,2024-04-08,28.909628,79.949147,299,45720.0,41820.0,64125.0,15406.4,6682.5,50002.38,0.0,0.0,0.0,,0.0
,Khatima,2024-04-09,28.909628,79.949147,299,45720.0,41820.0,64125.0,15406.4,6682.5,50002.38,0.0,0.0,0.0,,0.0
,Khatima,2024-04-10,28.909628,79.949147,299,45720.0,41820.0,64125.0,15406.4,6682.5,50002.38,0.0,0.0,0.0,,0.0
,Khatima,2024-04-11,28.909628,79.949147,299,45720.0,41820.0,64125.0,15406.4,6682.5,50002.38,0.0,0.0,0.0,,0.01
,Khatima,2024-04-12,28.909628,79.949147,299,45720.0,41820.0,64125.0,15406.4,6682.5,50002.38,0.0,0.0,0.0,,0.03
,Khatima,2024-04-13,28.909628,79.949147,299,45720.0,41820.0,64125.0,15406.4,6682.5,50002.38,0.0,0.0,0.0,,0.0
,Khatima,2024-04-14,28.909628,79.949147,299,45720.0,41820.0,64125.0,15406.4,6682.5,50002.38,0.0,0.0,0.0,,3.85
,Khatima,2024-04-15,28.909628,79.949147,299,45720.0,41820.0,64125.0,15406.4,6682.5,50002.38,0.0,0.0,0.0,,2.18
,Khatima,2024-04-16,28.909628,79.949147,299,45720.0,41820.0,64125.0,15406.4,6682.5,50002.38,0.0,0.0,0.0,,0.0
,Khatima,2024-04-17,28.909628,79.949147,299,45720.0,41820.0,64125.0,15406.4,6682.5,50002.38,0.0,0.0,0.0,,0.0
,Khatima,2024-04-18,28.909628,79.949147,299,45720.0,41820.0,64125.0,15406.4,6682.5,50002.38,0.0,0.0,0.0,,0.0
,Khatima,2024-04-19,28.909628,79.949147,299,45720.0,41820.0,64125.0,15406.4,6682.5,50002.38,0.0,0.0,0.0,,0.0
,Khatima,2024-04-20,28.909628,79.949147,299,45720.0,41820.0,64125.0,15406.4,6682.5,50002.38,0.0,0.0,0.0,,0.0
,Khatima,2024-04-21,28.909628,79.949147,299,45720.0,41820.0,64125.0,15406.4,6682.5,50002.38,0.0,0.0,0.0,,0.0
,Khatima,2024-04-22,28.909628,79.949147,299,45720.0,41820.0,64125.0,15406.4,6682.5,50002.38,0.0,0.0,0.0,,0.0
,Khatima,2024-04-23,28.909628,79.949147,299,45720.0,41820.0,64125.0,15406.4,6682.5,50002.38,0.0,0.0,0.0,,0.0
,Khatima,2024-04-24,28.909628,79.949147,299,45720.0,41820.0,64125.0,15406.4,6682.5,50002.38,0.0,0.0,0.0,,0.0
,Khatima,2024-04-25,28.909628,79.949147,299,45720.0,41820.0,64125.0,15406.4,6682.5,50002.38,0.0,0.0,0.0,,0.0
,Khatima,2024-04-26,28.909628,79.949147,299,45720.0,41820.0,64125.0,15406.4,6682.5,50002.38,0.0,0.0,0.0,,0.0
,Khatima,2024-04-27,28.909628,79.949147,299,45720.0,41820.0,64125.0,15406.4,6682.5,50002.38,0.0,0.0,0.0,,0.0
,Khatima,2024-04-28,28.909628,79.949147,299,45720.0,41820.0,64125.0,15406.4,6682.5,50002.38,0.0,0.0,0.0,,0.0
,Khatima,2024-04-29,28.909628,79.949147,299,45720.0,41820.0,64125.0,15406.4,6682.5,50002.38,0.0,0.0,0.0,,0.0
,Khatima,2024-04-30,28.909628,79.949147,299,45720.0,41820.0,64125.0,15406.4,6682.5,50002.38,0.0,0.0,0.0,,0.0
,Khatima,2024-05-01,28.909628,79.949147,299,45720.0,41820.0,64125.0,15406.4,6682.5,50002.38,0.0,0.0,0.0,,0.0
,Khatima,2024-05-02,28.909628,79.949147,299,45720.0,41820.0,64125.0,15406.4,6682.5,50002.38,0.0,0.0,0.0,,0.0
,Khatima,2024-05-03,28.909628,79.949147,299,45720.0,41820.0,64125.0,15406.4,6682.5,50002.38,0.0,0.0,0.0,,0.0
,Khatima,2024-05-04,28.909628,79.949147,299,45720.0,41820.0,64125.0,15406.4,6682.5,50002.38,0.0,0.0,0.0,,6.78
,Khatima,2024-05-05,28.909628,79.949147,299,45720.0,41820.0,64125.0,15406.4,6682.5,50002.38,0.0,0.0,0.0,,0.0
,Khatima,2024-05-06,28.909628,79.949147,299,45720.0,41820.0,64125.0,15406.4,6682.5,50002.38,0.0,0.0,0.0,,0.0
,Khatima,2024-05-07,28.909628,79.949147,299,45720.0,41820.0,64125.0,15406.4,6682.5,50002.38,0.0,0.0,0.0,,0.0
,Khatima,2024-05-08,28.909628,79.949147,299,45720.0,41820.0,64125.0,15406.4,6682.5,50002.38,0.0,0.0,0.0,,0.0
,Khatima,2024-05-09,28.909628,79.949147,299,45720.0,41820.0,64125.0,15406.4,6682.5,50002.38,0.0,0.0,0.0,,0.0
,Khatima,2024-05-10,28.909628,79.949147,299,45720.0,41820.0,64125.0,15406.4,6682.5,50002.38,0.0,0.0,0.0,,7.31
,Khatima,2024-05-11,28.909628,79.949147,299,45720.0,41820.0,64125.0,15406.4,6682.5,50002.38,0.0,0.0,0.0,,8.13
,Khatima,2024-05-12,28.909628,79.949147,299,45720.0,41820.0,64125.0,15406.4,6682.5,50002.38,0.0,0.0,0.0,,0.0
,Khatima,2024-05-13,28.909628,79.949147,299,45720.0,41820.0,64125.0,15406.4,6682.5,50002.38,0.0,0.0,0.0,,0.0
,Khatima,2024-05-14,28.909628,79.949147,299,45720.0,41820.0,64125.0,15406.4,6682.5,50002.38,0.0,0.0,0.0,,0.0
,Khatima,2024-05-15,28.909628,79.949147,299,45720.0,41820.0,64125.0,15406.4,6682.5,50002.38,0.0,0.0,0.0,,0.0
,Khatima,2024-05-16,28.909628,79.949147,299,45720.0,41820.0,64125.0,15406.4,6682.5,50002.38,0.0,0.0,0.0,,0.0
,Khatima,2024-05-17,28.909628,79.949147,299,45720.0,41820.0,64125.0,15406.4,6682.5,50002.38,0.0,0.0,0.0,,0.0
,Khatima,2024-05-18,28.909628,79.949147,299,45720.0,41820.0,64125.0,15406.4,6682.5,50002.38,0.0,0.0,0.0,,7.08
,Khatima,2024-05-19,28.909628,79.949147,299,45720.0,41820.0,64125.0,15406.4,6682.5,50002.38,0.0,0.0,0.0,,0.0
,Khatima,2024-05-20,28.909628,79.949147,299,45720.0,41820.0,64125.0,15406.4,6682.5,50002.38,0.0,0.0,0.0,,0.0
,Khatima,2024-05-21,28.909628,79.949147,299,45720.0,41820.0,64125.0,15406.4,6682.5,50002.38,0.0,0.0,0.0,,0.0
,Khatima,2024-05-22,28.909628,79.949147,299,45720.0,41820.0,64125.0,15406.4,6682.5,50002.38,0.0,0.0,0.0,,0.0
,Khatima,2024-05-23,28.909628,79.949147,299,45720.0,41820.0,64125.0,15406.4,6682.5,50002.38,0.0,0.0,0.0,,0.0
,Khatima,2024-05-24,28.909628,79.949147,299,45720.0,41820.0,64125.0,15406.4,6682.5,50002.38,0.0,0.0,0.0,,0.0
,Khatima,2024-05-25,28.909628,79.949147,299,45720.0,41820.0,64125.0,15406.4,6682.5,50002.38,0.0,0.0,0.0,,0.0
,Khatima,2024-05-26,28.909628,79.949147,299,45720.0,41820.0,64125.0,15406.4,6682.5,50002.38,0.0,0.0,0.0,,6.93
,Khatima,2024-05-27,28.909628,79.949147,299,45720.0,41820.0,64125.0,15406.4,6682.5,50002.38,0.0,0.0,0.0,,0.0
,Khatima,2024-05-28,28.909628,79.949147,299,45720.0,41820.0,64125.0,15406.4,6682.5,50002.38,0.0,0.0,0.0,,0.0
,Khatima,2024-05-29,28.909628,79.949147,299,45720.0,41820.0,64125.0,15406.4,6682.5,50002.38,0.0,0.0,0.0,,0.0
,Khatima,2024-05-30,28.909628,79.949147,299,45720.0,41820.0,64125.0,15406.4,6682.5,50002.38,0.0,0.0,0.0,,0.0
,Khatima,2024-05-31,28.909628,79.949147,299,45720.0,41820.0,64125.0,15406.4,6682.5,50002.38,0.0,0.0,0.0,,0.0
,Khatima,2024-06-01,28.909628,79.949147,299,45720.0,41820.0,64125.0,15406.4,6682.5,50002.38,0.0,0.0,0.0,,0.0
,Khatima,2024-06-02,28.909628,79.949147,299,45720.0,41820.0,64125.0,15406.4,6682.5,50002.38,0.0,0.0,0.0,,0.0
,Khatima,2024-06-03,28.909628,79.949147,299,45720.0,41820.0,64125.0,15406.4,6682.5,50002.38,0.0,0.0,0.0,,0.0
,Khatima,2024-06-04,28.909628,79.949147,299,45720.0,41820.0,64125.0,15406.4,6682.5,50002.38,0.0,0.0,0.0,,0.0
,Khatima,2024-06-05,28.909628,79.949147,299,45720.0,41820.0,64125.0,15406.4,6682.5,50002.38,0.0,0.0,0.0,,0.0
,Khatima,2024-06-06,28.909628,79.949147,299,45720.0,41820.0,64125.0,15406.4,6682.5,50002.38,0.0,0.0,0.0,,0.0
,Khatima,2024-06-07,28.909628,79.949147,299,45720.0,41820.0,64125.0,15406.4,6682.5,50002.38,0.0,0.0,0.0,,0.0
,Khatima,2024-06-08,28.909628,79.949147,299,45720.0,41820.0,64125.0,15406.4,6682.5,50002.38,0.0,0.0,0.0,,0.0
,Khatima,2024-06-09,28.909628,79.949147,299,45720.0,41820.0,64125.0,15406.4,6682.5,50002.38,0.0,0.0,0.0,,0.0
,Khatima,2024-06-10,28.909628,79.949147,299,45720.0,41820.0,64125.0,15406.4,6682.5,50002.38,0.0,0.0,0.0,,0.0
,Khatima,2024-06-11,28.909628,79.949147,299,45720.0,41820.0,64125.0,15406.4,6682.5,50002.38,0.0,0.0,0.0,,0.65
,Khatima,2024-06-12,28.909628,79.949147,299,45720.0,41820.0,64125.0,15406.4,6682.5,50002.38,0.0,0.0,0.0,,4.72
,Khatima,2024-06-13,28.909628,79.949147,299,45720.0,41820.0,64125.0,15406.4,6682.5,50002.38,0.0,0.0,0.0,,0.0
,Khatima,2024-06-14,28.909628,79.949147,299,45720.0,41820.0,64125.0,15406.4,6682.5,50002.38,0.0,0.0,0.0,,1.45
,Khatima,2024-06-15,28.909628,79.949147,299,45720.0,41820.0,64125.0,15406.4,6682.5,50002.38,0.0,0.0,0.0,,1.12
,Khatima,2024-06-16,28.909628,79.949147,299,45720.0,41820.0,64125.0,15406.4,6682.5,50002.38,0.0,0.0,0.0,,0.0
,Khatima,2024-06-17,28.909628,79.949147,299,45720.0,41820.0,64125.0,15406.4,6682.5,50002.38,0.0,0.0,0.0,,0.0
,Khatima,2024-06-18,28.909628,79.949147,299,45720.0,41820.0,64125.0,15406.4,6682.5,50002.38,0.0,0.0,0.0,,0.0
,Khatima,2024-06-19,28.909628,79.949147,299,45720.0,41820.0,64125.0,15406.4,6682.5,50002.38,0.0,0.0,0.0,,0.0
,Khatima,2024-06-20,28.909628,79.949147,299,45720.0,41820.0,64125.0,15406.4,6682.5,50002.38,0.0,0.0,0.0,,0.0
,Khatima,2024-06-21,28.909628,79.949147,299,45720.0,41820.0,64125.0,15406.4,6682.5,50002.38,0.0,0.0,0.0,,0.0
,Khatima,2024-06-22,28.909628,79.949147,299,45720.0,41820.0,64125.0,15406.4,6682.5,50002.38,0.0,0.0,0.0,,0.0
,Khatima,2024-06-23,28.909628,79.949147,299,45720.0,41820.0,64125.0,15406.4,6682.5,50002.38,0.0,0.0,0.0,,0.0
,Khatima,2024-06-24,28.909628,79.949147,299,45720.0,41820.0,64125.0,15406.4,6682.5,50002.38,0.0,0.0,0.0,,8.81
,Khatima,2024-06-25,28.909628,79.949147,299,45720.0,41820.0,64125.0,15406.4,6682.5,50002.38,0.0,0.0,1.0,,17.63
,Khatima,2024-06-26,28.909628,79.949147,299,45720.0,41820.0,64125.0,15406.4,6682.5,50002.38,1.0,1.0,1.0,,58.72
,Khatima,2024-06-27,28.909628,79.949147,299,45720.0,41820.0,64125.0,15406.4,6682.5,50002.38,0.0,1.0,1.0,,19.57
,Khatima,2024-06-28,28.909628,79.949147,299,45720.0,41820.0,64125.0,15406.4,6682.5,50002.38,1.0,1.0,1.0,,39.15
,Khatima,2024-06-29,28.909628,79.949147,299,45720.0,41820.0,64125.0,15406.4,6682.5,50002.38,0.0,1.0,1.0,,19.57
,Khatima,2024-06-30,28.909628,79.949147,299,45720.0,41820.0,64125.0,15406.4,6682.5,50002.38,0.0,1.0,1.0,,19.57
,Khatima,2024-07-01,28.909628,79.949147,299,45720.0,41820.0,64125.0,15406.4,6682.5,50002.38,0.0,1.0,1.0,,18.71
,Khatima,2024-07-02,28.909628,79.949147,299,45720.0,41820.0,64125.0,15406.4,6682.5,50002.38,0.0,0.0,0.0,,0.0
,Khatima,2024-07-03,28.909628,79.949147,299,45720.0,41820.0,64125.0,15406.4,6682.5,50002.38,1.0,1.0,1.0,,56.12
,Khatima,2024-07-04,28.909628,79.949147,299,45720.0,41820.0,64125.0,15406.4,6682.5,50002.38,0.0,0.0,0.0,,0.0
,Khatima,2024-07-05,28.909628,79.949147,299,45720.0,41820.0,64125.0,15406.4,6682.5,50002.38,0.0,0.0,0.0,,0.0
,Khatima,2024-07-06,28.909628,79.949147,299,45720.0,41820.0,64125.0,15406.4,6682.5,50002.38,1.0,1.0,1.0,,32.82
,Khatima,2024-07-07,28.909628,79.949147,299,45720.0,41820.0,64125.0,15406.4,6682.5,50002.38,1.0,1.0,1.0,,98.45
,Khatima,2024-07-08,28.909628,79.949147,299,45720.0,41820.0,64125.0,15406.4,6682.5,50002.38,1.0,1.0,1.0,,65.63
,Khatima,2024-07-09,28.909628,79.949147,299,45720.0,41820.0,64125.0,15406.4,6682.5,50002.38,0.0,0.0,0.0,,0.0
,Khatima,2024-07-10,28.909628,79.949147,299,45720.0,41820.0,64125.0,15406.4,6682.5,50002.38,0.0,0.0,0.0,,0.0
,Khatima,2024-07-11,28.909628,79.949147,299,45720.0,41820.0,64125.0,15406.4,6682.5,50002.38,0.0,1.0,1.0,,26.01
,Khatima,2024-07-12,28.909628,79.949147,299,45720.0,41820.0,64125.0,15406.4,6682.5,50002.38,0.0,1.0,1.0,,26.01
,Khatima,2024-07-13,28.909628,79.949147,299,45720.0,41820.0,64125.0,15406.4,6682.5,50002.38,0.0,0.0,1.0,,13.0
,Khatima,2024-07-14,28.909628,79.949147,299,45720.0,41820.0,64125.0,15406.4,6682.5,50002.38,0.0,0.0,0.0,,0.0
,Khatima,2024-07-15,28.909628,79.949147,299,45720.0,41820.0,64125.0,15406.4,6682.5,50002.38,0.0,0.0,0.0,,0.0
,Khatima,2024-07-16,28.909628,79.949147,299,45720.0,41820.0,64125.0,15406.4,6682.5,50002.38,0.0,0.0,0.0,,0.0
,Khatima,2024-07-17,28.909628,79.949147,299,45720.0,41820.0,64125.0,15406.4,6682.5,50002.38,0.0,0.0,0.0,,0.0
,Khatima,2024-07-18,28.909628,79.949147,299,45720.0,41820.0,64125.0,15406.4,6682.5,50002.38,0.0,0.0,0.0,,0.0
,Khatima,2024-07-19,28.909628,79.949147,299,45720.0,41820.0,64125.0,15406.4,6682.5,50002.38,0.0,0.0,1.0,,13.46
,Khatima,2024-07-20,28.909628,79.949147,299,45720.0,41820.0,64125.0,15406.4,6682.5,50002.38,0.0,0.0,0.0,,0.0
,Khatima,2024-07-21,28.909628,79.949147,299,45720.0,41820.0,64125.0,15406.4,6682.5,50002.38,0.0,0.0,0.0,,0.0
,Khatima,2024-07-22,28.909628,79.949147,299,45720.0,41820.0,64125.0,15406.4,6682.5,50002.38,0.0,0.0,0.0,,0.0
,Khatima,2024-07-23,28.909628,79.949147,299,45720.0,41820.0,64125.0,15406.4,6682.5,50002.38,0.0,0.0,0.0,,0.0
,Khatima,2024-07-24,28.909628,79.949147,299,45720.0,41820.0,64125.0,15406.4,6682.5,50002.38,0.0,1.0,1.0,,26.96
,Khatima,2024-07-25,28.909628,79.949147,299,45720.0,41820.0,64125.0,15406.4,6682.5,50002.38,0.0,0.0,0.0,,0.0
,Khatima,2024-07-26,28.909628,79.949147,299,45720.0,41820.0,64125.0,15406.4,6682.5,50002.38,0.0,1.0,1.0,,24.7
,Khatima,2024-07-27,28.909628,79.949147,299,45720.0,41820.0,64125.0,15406.4,6682.5,50002.38,0.0,0.0,0.0,,6.17
,Khatima,2024-07-28,28.909628,79.949147,299,45720.0,41820.0,64125.0,15406.4,6682.5,50002.38,0.0,0.0,0.0,,0.0
,Khatima,2024-07-29,28.909628,79.949147,299,45720.0,41820.0,64125.0,15406.4,6682.5,50002.38,0.0,0.0,0.0,,0.0
,Khatima,2024-07-30,28.909628,79.949147,299,45720.0,41820.0,64125.0,15406.4,6682.5,50002.38,0.0,0.0,0.0,,0.0
,Khatima,2024-07-31,28.909628,79.949147,299,45720.0,41820.0,64125.0,15406.4,6682.5,50002.38,1.0,1.0,1.0,,37.05
,Khatima,2024-08-01,28.909628,79.949147,299,45720.0,41820.0,64125.0,15406.4,6682.5,50002.38,0.0,0.0,0.0,,0.0
,Khatima,2024-08-02,28.909628,79.949147,299,45720.0,41820.0,64125.0,15406.4,6682.5,50002.38,0.0,0.0,0.0,,0.0
,Khatima,2024-08-03,28.909628,79.949147,299,45720.0,41820.0,64125.0,15406.4,6682.5,50002.38,0.0,0.0,0.0,,0.0
,Khatima,2024-08-04,28.909628,79.949147,299,45720.0,41820.0,64125.0,15406.4,6682.5,50002.38,0.0,0.0,0.0,,0.0
,Khatima,2024-08-05,28.909628,79.949147,299,45720.0,41820.0,64125.0,15406.4,6682.5,50002.38,0.0,0.0,0.0,,0.0
,Khatima,2024-08-06,28.909628,79.949147,299,45720.0,41820.0,64125.0,15406.4,6682.5,50002.38,1.0,1.0,1.0,,54.37
,Khatima,2024-08-07,28.909628,79.949147,299,45720.0,41820.0,64125.0,15406.4,6682.5,50002.38,0.0,1.0,1.0,,27.19
,Khatima,2024-08-08,28.909628,79.949147,299,45720.0,41820.0,64125.0,15406.4,6682.5,50002.38,0.0,0.0,0.0,,0.0
,Khatima,2024-08-09,28.909628,79.949147,299,45720.0,41820.0,64125.0,15406.4,6682.5,50002.38,0.0,0.0,0.0,,0.0
,Khatima,2024-08-10,28.909628,79.949147,299,45720.0,41820.0,64125.0,15406.4,6682.5,50002.38,0.0,0.0,0.0,,0.0
,Khatima,2024-08-11,28.909628,79.949147,299,45720.0,41820.0,64125.0,15406.4,6682.5,50002.38,0.0,0.0,0.0,,0.0
,Khatima,2024-08-12,28.909628,79.949147,299,45720.0,41820.0,64125.0,15406.4,6682.5,50002.38,0.0,0.0,0.0,,0.0
,Khatima,2024-08-13,28.909628,79.949147,299,45720.0,41820.0,64125.0,15406.4,6682.5,50002.38,0.0,0.0,0.0,,0.0
,Khatima,2024-08-14,28.909628,79.949147,299,45720.0,41820.0,64125.0,15406.4,6682.5,50002.38,0.0,0.0,0.0,,0.0
,Khatima,2024-08-15,28.909628,79.949147,299,45720.0,41820.0,64125.0,15406.4,6682.5,50002.38,0.0,0.0,0.0,,0.0
,Khatima,2024-08-16,28.909628,79.949147,299,45720.0,41820.0,64125.0,15406.4,6682.5,50002.38,0.0,0.0,0.0,,0.0
,Khatima,2024-08-17,28.909628,79.949147,299,45720.0,41820.0,64125.0,15406.4,6682.5,50002.38,0.0,0.0,1.0,,15.91
,Khatima,2024-08-18,28.909628,79.949147,299,45720.0,41820.0,64125.0,15406.4,6682.5,50002.38,1.0,1.0,1.0,,63.62
,Khatima,2024-08-19,28.909628,79.949147,299,45720.0,41820.0,64125.0,15406.4,6682.5,50002.38,0.0,0.0,1.0,,15.91
,Khatima,2024-08-20,28.909628,79.949147,299,45720.0,41820.0,64125.0,15406.4,6682.5,50002.38,0.0,0.0,1.0,,15.91
,Khatima,2024-08-21,28.909628,79.949147,299,45720.0,41820.0,64125.0,15406.4,6682.5,50002.38,0.0,1.0,1.0,,21.14
,Khatima,2024-08-22,28.909628,79.949147,299,45720.0,41820.0,64125.0,15406.4,6682.5,50002.38,0.0,0.0,1.0,,17.7
,Khatima,2024-08-23,28.909628,79.949147,299,45720.0,41820.0,64125.0,15406.4,6682.5,50002.38,0.0,0.0,1.0,,14.55
,Khatima,2024-08-24,28.909628,79.949147,299,45720.0,41820.0,64125.0,15406.4,6682.5,50002.38,0.0,0.0,0.0,,9.53
,Khatima,2024-08-25,28.909628,79.949147,299,45720.0,41820.0,64125.0,15406.4,6682.5,50002.38,0.0,0.0,0.0,,2.63
,Khatima,2024-08-26,28.909628,79.949147,299,45720.0,41820.0,64125.0,15406.4,6682.5,50002.38,0.0,0.0,1.0,,14.45
,Khatima,2024-08-27,28.909628,79.949147,299,45720.0,41820.0,64125.0,15406.4,6682.5,50002.38,0.0,0.0,1.0,,12.31
,Khatima,2024-08-28,28.909628,79.949147,299,45720.0,41820.0,64125.0,15406.4,6682.5,50002.38,0.0,0.0,0.0,,11.03
,Khatima,2024-08-29,28.909628,79.949147,299,45720.0,41820.0,64125.0,15406.4,6682.5,50002.38,0.0,0.0,0.0,,7.23
,Khatima,2024-08-30,28.909628,79.949147,299,45720.0,41820.0,64125.0,15406.4,6682.5,50002.38,0.0,0.0,0.0,,0.63
,Khatima,2024-08-31,28.909628,79.949147,299,45720.0,41820.0,64125.0,15406.4,6682.5,50002.38,0.0,0.0,0.0,,0.23
,Khatima,2024-09-01,28.909628,79.949147,299,45720.0,41820.0,64125.0,15406.4,6682.5,50002.38,0.0,0.0,1.0,,12.88
,Khatima,2024-09-02,28.909628,79.949147,299,45720.0,41820.0,64125.0,15406.4,6682.5,50002.38,0.0,0.0,0.0,,0.0
,Khatima,2024-09-03,28.909628,79.949147,299,45720.0,41820.0,64125.0,15406.4,6682.5,50002.38,0.0,0.0,0.0,,0.0
,Khatima,2024-09-04,28.909628,79.949147,299,45720.0,41820.0,64125.0,15406.4,6682.5,50002.38,1.0,1.0,1.0,,38.64
,Khatima,2024-09-05,28.909628,79.949147,299,45720.0,41820.0,64125.0,15406.4,6682.5,50002.38,0.0,0.0,0.0,,0.0
,Khatima,2024-09-06,28.909628,79.949147,299,45720.0,41820.0,64125.0,15406.4,6682.5,50002.38,0.0,0.0,0.0,,8.83
,Khatima,2024-09-07,28.909628,79.949147,299,45720.0,41820.0,64125.0,15406.4,6682.5,50002.38,0.0,0.0,0.0,,0.0
,Khatima,2024-09-08,28.909628,79.949147,299,45720.0,41820.0,64125.0,15406.4,6682.5,50002.38,0.0,0.0,1.0,,17.67
,Khatima,2024-09-09,28.909628,79.949147,299,45720.0,41820.0,64125.0,15406.4,6682.5,50002.38,0.0,0.0,1.0,,17.67
,Khatima,2024-09-10,28.909628,79.949147,299,45720.0,41820.0,64125.0,15406.4,6682.5,50002.38,0.0,0.0,0.0,,8.83
,Khatima,2024-09-11,28.909628,79.949147,299,45720.0,41820.0,64125.0,15406.4,6682.5,50002.38,0.0,0.0,0.0,,8.43
,Khatima,2024-09-12,28.909628,79.949147,299,45720.0,41820.0,64125.0,15406.4,6682.5,50002.38,1.0,1.0,1.0,,151.11
,Khatima,2024-09-13,28.909628,79.949147,299,45720.0,41820.0,64125.0,15406.4,6682.5,50002.38,1.0,1.0,1.0,,27.71
,Khatima,2024-09-14,28.909628,79.949147,299,45720.0,41820.0,64125.0,15406.4,6682.5,50002.38,0.0,0.0,0.0,,1.01
,Khatima,2024-09-15,28.909628,79.949147,299,45720.0,41820.0,64125.0,15406.4,6682.5,50002.38,0.0,0.0,0.0,,0.76
,Khatima,2024-09-16,28.909628,79.949147,299,45720.0,41820.0,64125.0,15406.4,6682.5,50002.38,0.0,0.0,0.0,,0.0
,Khatima,2024-09-17,28.909628,79.949147,299,45720.0,41820.0,64125.0,15406.4,6682.5,50002.38,0.0,0.0,1.0,,17.18
,Khatima,2024-09-18,28.909628,79.949147,299,45720.0,41820.0,64125.0,15406.4,6682.5,50002.38,0.0,0.0,1.0,,17.18
,Khatima,2024-09-19,28.909628,79.949147,299,45720.0,41820.0,64125.0,15406.4,6682.5,50002.38,0.0,0.0,0.0,,0.0
,Khatima,2024-09-20,28.909628,79.949147,299,45720.0,41820.0,64125.0,15406.4,6682.5,50002.38,0.0,0.0,0.0,,0.0
,Khatima,2024-09-21,28.909628,79.949147,299,45720.0,41820.0,64125.0,15406.4,6682.5,50002.38,0.0,0.0,0.0,,0.0
,Khatima,2024-09-22,28.909628,79.949147,299,45720.0,41820.0,64125.0,15406.4,6682.5,50002.38,0.0,0.0,0.0,,0.0
,Khatima,2024-09-23,28.909628,79.949147,299,45720.0,41820.0,64125.0,15406.4,6682.5,50002.38,0.0,0.0,0.0,,0.0
,Khatima,2024-09-24,28.909628,79.949147,299,45720.0,41820.0,64125.0,15406.4,6682.5,50002.38,0.0,0.0,0.0,,0.0
,Khatima,2024-09-25,28.909628,79.949147,299,45720.0,41820.0,64125.0,15406.4,6682.5,50002.38,0.0,0.0,0.0,,10.27
,Khatima,2024-09-26,28.909628,79.949147,299,45720.0,41820.0,64125.0,15406.4,6682.5,50002.38,0.0,0.0,0.0,,0.0
,Khatima,2024-09-27,28.909628,79.949147,299,45720.0,41820.0,64125.0,15406.4,6682.5,50002.38,0.0,0.0,0.0,,0.0
,Khatima,2024-09-28,28.909628,79.949147,299,45720.0,41820.0,64125.0,15406.4,6682.5,50002.38,0.0,0.0,0.0,,0.0
,Khatima,2024-09-29,28.909628,79.949147,299,45720.0,41820.0,64125.0,15406.4,6682.5,50002.38,0.0,0.0,0.0,,0.0
,Khatima,2024-09-30,28.909628,79.949147,299,45720.0,41820.0,64125.0,15406.4,6682.5,50002.38,0.0,0.0,0.0,,0.0
,Khatima,2024-10-01,28.909628,79.949147,299,45720.0,41820.0,64125.0,15406.4,6682.5,50002.38,0.0,0.0,0.0,,1.14
,Khatima,2024-10-02,28.909628,79.949147,299,45720.0,41820.0,64125.0,15406.4,6682.5,50002.38,0.0,0.0,0.0,,0.0
,Khatima,2024-10-03,28.909628,79.949147,299,45720.0,41820.0,64125.0,15406.4,6682.5,50002.38,0.0,0.0,0.0,,0.0
,Khatima,2024-10-04,28.909628,79.949147,299,45720.0,41820.0,64125.0,15406.4,6682.5,50002.38,0.0,0.0,0.0,,0.0
,Khatima,2024-10-05,28.909628,79.949147,299,45720.0,41820.0,64125.0,15406.4,6682.5,50002.38,0.0,1.0,1.0,,20.86
,Khatima,2024-10-06,28.909628,79.949147,299,45720.0,41820.0,64125.0,15406.4,6682.5,50002.38,0.0,0.0,0.0,,0.0
,Khatima,2024-10-07,28.909628,79.949147,299,45720.0,41820.0,64125.0,15406.4,6682.5,50002.38,0.0,0.0,0.0,,0.0
,Khatima,2024-10-08,28.909628,79.949147,299,45720.0,41820.0,64125.0,15406.4,6682.5,50002.38,0.0,0.0,0.0,,0.0
,Khatima,2024-10-09,28.909628,79.949147,299,45720.0,41820.0,64125.0,15406.4,6682.5,50002.38,0.0,0.0,0.0,,0.0
,Khatima,2024-10-10,28.909628,79.949147,299,45720.0,41820.0,64125.0,15406.4,6682.5,50002.38,0.0,0.0,0.0,,0.0
,Khatima,2024-10-11,28.909628,79.949147,299,45720.0,41820.0,64125.0,15406.4,6682.5,50002.38,0.0,0.0,0.0,,0.0
,Khatima,2024-10-12,28.909628,79.949147,299,45720.0,41820.0,64125.0,15406.4,6682.5,50002.38,0.0,0.0,0.0,,0.0
,Khatima,2024-10-13,28.909628,79.949147,299,45720.0,41820.0,64125.0,15406.4,6682.5,50002.38,0.0,0.0,0.0,,0.0
,Khatima,2024-10-14,28.909628,79.949147,299,45720.0,41820.0,64125.0,15406.4,6682.5,50002.38,0.0,0.0,0.0,,0.0
,Khatima,2024-10-15,28.909628,79.949147,299,45720.0,41820.0,64125.0,15406.4,6682.5,50002.38,0.0,0.0,0.0,,0.0
,Khatima,2024-10-16,28.909628,79.949147,299,45720.0,41820.0,64125.0,15406.4,6682.5,50002.38,0.0,0.0,0.0,,0.0
,Khatima,2024-10-17,28.909628,79.949147,299,45720.0,41820.0,64125.0,15406.4,6682.5,50002.38,0.0,0.0,0.0,,0.0
,Khatima,2024-10-18,28.909628,79.949147,299,45720.0,41820.0,64125.0,15406.4,6682.5,50002.38,0.0,0.0,0.0,,0.0
,Khatima,2024-10-19,28.909628,79.949147,299,45720.0,41820.0,64125.0,15406.4,6682.5,50002.38,0.0,0.0,0.0,,0.0
,Khatima,2024-10-20,28.909628,79.949147,299,45720.0,41820.0,64125.0,15406.4,6682.5,50002.38,0.0,0.0,0.0,,0.0
,Khatima,2024-10-21,28.909628,79.949147,299,45720.0,41820.0,64125.0,15406.4,6682.5,50002.38,0.0,0.0,0.0,,0.0
,Khatima,2024-10-22,28.909628,79.949147,299,45720.0,41820.0,64125.0,15406.4,6682.5,50002.38,0.0,0.0,0.0,,0.0
,Khatima,2024-10-23,28.909628,79.949147,299,45720.0,41820.0,64125.0,15406.4,6682.5,50002.38,0.0,0.0,0.0,,0.0
,Khatima,2024-10-24,28.909628,79.949147,299,45720.0,41820.0,64125.0,15406.4,6682.5,50002.38,0.0,0.0,0.0,,0.0
,Khatima,2024-10-25,28.909628,79.949147,299,45720.0,41820.0,64125.0,15406.4,6682.5,50002.38,0.0,0.0,0.0,,0.0
,Khatima,2024-10-26,28.909628,79.949147,299,45720.0,41820.0,64125.0,15406.4,6682.5,50002.38,0.0,0.0,0.0,,0.0
,Khatima,2024-10-27,28.909628,79.949147,299,45720.0,41820.0,64125.0,15406.4,6682.5,50002.38,0.0,0.0,0.0,,0.0
,Khatima,2024-10-28,28.909628,79.949147,299,45720.0,41820.0,64125.0,15406.4,6682.5,50002.38,0.0,0.0,0.0,,0.0
,Khatima,2024-10-29,28.909628,79.949147,299,45720.0,41820.0,64125.0,15406.4,6682.5,50002.38,0.0,0.0,0.0,,0.0
,Khatima,2024-10-30,28.909628,79.949147,299,45720.0,41820.0,64125.0,15406.4,6682.5,50002.38,0.0,0.0,0.0,,0.0
,Khatima,2024-10-31,28.909628,79.949147,299,45720.0,41820.0,64125.0,15406.4,6682.5,50002.38,0.0,0.0,0.0,,0.0
,Khatima,2024-11-01,28.909628,79.949147,299,45720.0,41820.0,64125.0,15406.4,6682.5,50002.38,0.0,0.0,0.0,,0.0
,Khatima,2024-11-02,28.909628,79.949147,299,45720.0,41820.0,64125.0,15406.4,6682.5,50002.38,0.0,0.0,0.0,,0.0
,Khatima,2024-11-03,28.909628,79.949147,299,45720.0,41820.0,64125.0,15406.4,6682.5,50002.38,0.0,0.0,0.0,,0.0
,Khatima,2024-11-04,28.909628,79.949147,299,45720.0,41820.0,64125.0,15406.4,6682.5,50002.38,0.0,0.0,0.0,,0.0
,Khatima,2024-11-05,28.909628,79.949147,299,45720.0,41820.0,64125.0,15406.4,6682.5,50002.38,0.0,0.0,0.0,,0.0
,Khatima,2024-11-06,28.909628,79.949147,299,45720.0,41820.0,64125.0,15406.4,6682.5,50002.38,0.0,0.0,0.0,,0.0
,Khatima,2024-11-07,28.909628,79.949147,299,45720.0,41820.0,64125.0,15406.4,6682.5,50002.38,0.0,0.0,0.0,,0.0
,Khatima,2024-11-08,28.909628,79.949147,299,45720.0,41820.0,64125.0,15406.4,6682.5,50002.38,0.0,0.0,0.0,,0.0
,Khatima,2024-11-09,28.909628,79.949147,299,45720.0,41820.0,64125.0,15406.4,6682.5,50002.38,0.0,0.0,0.0,,0.0
,Khatima,2024-11-10,28.909628,79.949147,299,45720.0,41820.0,64125.0,15406.4,6682.5,50002.38,0.0,0.0,0.0,,0.0
,Khatima,2024-11-11,28.909628,79.949147,299,45720.0,41820.0,64125.0,15406.4,6682.5,50002.38,0.0,0.0,0.0,,0.0
,Khatima,2024-11-12,28.909628,79.949147,299,45720.0,41820.0,64125.0,15406.4,6682.5,50002.38,0.0,0.0,0.0,,0.0
,Khatima,2024-11-13,28.909628,79.949147,299,45720.0,41820.0,64125.0,15406.4,6682.5,50002.38,0.0,0.0,0.0,,0.0
,Khatima,2024-11-14,28.909628,79.949147,299,45720.0,41820.0,64125.0,15406.4,6682.5,50002.38,0.0,0.0,0.0,,0.0
,Khatima,2024-11-15,28.909628,79.949147,299,45720.0,41820.0,64125.0,15406.4,6682.5,50002.38,0.0,0.0,0.0,,0.0
,Khatima,2024-11-16,28.909628,79.949147,299,45720.0,41820.0,64125.0,15406.4,6682.5,50002.38,0.0,0.0,0.0,,0.0
,Khatima,2024-11-17,28.909628,79.949147,299,45720.0,41820.0,64125.0,15406.4,6682.5,50002.38,0.0,0.0,0.0,,0.0
,Khatima,2024-11-18,28.909628,79.949147,299,45720.0,41820.0,64125.0,15406.4,6682.5,50002.38,0.0,0.0,0.0,,0.0
,Khatima,2024-11-19,28.909628,79.949147,299,45720.0,41820.0,64125.0,15406.4,6682.5,50002.38,0.0,0.0,0.0,,0.0
,Khatima,2024-11-20,28.909628,79.949147,299,45720.0,41820.0,64125.0,15406.4,6682.5,50002.38,0.0,0.0,0.0,,0.0
,Khatima,2024-11-21,28.909628,79.949147,299,45720.0,41820.0,64125.0,15406.4,6682.5,50002.38,0.0,0.0,0.0,,0.0
,Khatima,2024-11-22,28.909628,79.949147,299,45720.0,41820.0,64125.0,15406.4,6682.5,50002.38,0.0,0.0,0.0,,0.0
,Khatima,2024-11-23,28.909628,79.949147,299,45720.0,41820.0,64125.0,15406.4,6682.5,50002.38,0.0,0.0,0.0,,0.0
,Khatima,2024-11-24,28.909628,79.949147,299,45720.0,41820.0,64125.0,15406.4,6682.5,50002.38,0.0,0.0,0.0,,0.0
,Khatima,2024-11-25,28.909628,79.949147,299,45720.0,41820.0,64125.0,15406.4,6682.5,50002.38,0.0,0.0,0.0,,0.0
,Khatima,2024-11-26,28.909628,79.949147,299,45720.0,41820.0,64125.0,15406.4,6682.5,50002.38,0.0,0.0,0.0,,0.0
,Khatima,2024-11-27,28.909628,79.949147,299,45720.0,41820.0,64125.0,15406.4,6682.5,50002.38,0.0,0.0,0.0,,0.0
,Khatima,2024-11-28,28.909628,79.949147,299,45720.0,41820.0,64125.0,15406.4,6682.5,50002.38,0.0,0.0,0.0,,0.0
,Khatima,2024-11-29,28.909628,79.949147,299,45720.0,41820.0,64125.0,15406.4,6682.5,50002.38,0.0,0.0,0.0,,0.0
,Khatima,2024-11-30,28.909628,79.949147,299,45720.0,41820.0,64125.0,15406.4,6682.5,50002.38,0.0,0.0,0.0,,0.0
,Khatima,2024-12-01,28.909628,79.949147,299,45720.0,41820.0,64125.0,15406.4,6682.5,50002.38,0.0,0.0,0.0,,0.0
,Khatima,2024-12-02,28.909628,79.949147,299,45720.0,41820.0,64125.0,15406.4,6682.5,50002.38,0.0,0.0,0.0,,0.0
,Khatima,2024-12-03,28.909628,79.949147,299,45720.0,41820.0,64125.0,15406.4,6682.5,50002.38,0.0,0.0,0.0,,0.0
,Khatima,2024-12-04,28.909628,79.949147,299,45720.0,41820.0,64125.0,15406.4,6682.5,50002.38,0.0,0.0,0.0,,0.0
,Khatima,2024-12-05,28.909628,79.949147,299,45720.0,41820.0,64125.0,15406.4,6682.5,50002.38,0.0,0.0,0.0,,0.0
,Khatima,2024-12-06,28.909628,79.949147,299,45720.0,41820.0,64125.0,15406.4,6682.5,50002.38,0.0,0.0,0.0,,0.0
,Khatima,2024-12-07,28.909628,79.949147,299,45720.0,41820.0,64125.0,15406.4,6682.5,50002.38,0.0,0.0,0.0,,0.0
,Khatima,2024-12-08,28.909628,79.949147,299,45720.0,41820.0,64125.0,15406.4,6682.5,50002.38,0.0,0.0,0.0,,3.85
,Khatima,2024-12-09,28.909628,79.949147,299,45720.0,41820.0,64125.0,15406.4,6682.5,50002.38,0.0,0.0,0.0,,0.0
,Khatima,2024-12-10,28.909628,79.949147,299,45720.0,41820.0,64125.0,15406.4,6682.5,50002.38,0.0,0.0,0.0,,0.0
,Khatima,2024-12-11,28.909628,79.949147,299,45720.0,41820.0,64125.0,15406.4,6682.5,50002.38,0.0,0.0,0.0,,0.0
,Khatima,2024-12-12,28.909628,79.949147,299,45720.0,41820.0,64125.0,15406.4,6682.5,50002.38,0.0,0.0,0.0,,0.0
,Khatima,2024-12-13,28.909628,79.949147,299,45720.0,41820.0,64125.0,15406.4,6682.5,50002.38,0.0,0.0,0.0,,0.0
,Khatima,2024-12-14,28.909628,79.949147,299,45720.0,41820.0,64125.0,15406.4,6682.5,50002.38,0.0,0.0,0.0,,0.0
,Khatima,2024-12-15,28.909628,79.949147,299,45720.0,41820.0,64125.0,15406.4,6682.5,50002.38,0.0,0.0,0.0,,0.0
,Khatima,2024-12-16,28.909628,79.949147,299,45720.0,41820.0,64125.0,15406.4,6682.5,50002.38,0.0,0.0,0.0,,0.0
,Khatima,2024-12-17,28.909628,79.949147,299,45720.0,41820.0,64125.0,15406.4,6682.5,50002.38,0.0,0.0,0.0,,0.0
,Khatima,2024-12-18,28.909628,79.949147,299,45720.0,41820.0,64125.0,15406.4,6682.5,50002.38,0.0,0.0,0.0,,0.0
,Khatima,2024-12-19,28.909628,79.949147,299,45720.0,41820.0,64125.0,15406.4,6682.5,50002.38,0.0,0.0,0.0,,0.0
,Khatima,2024-12-20,28.909628,79.949147,299,45720.0,41820.0,64125.0,15406.4,6682.5,50002.38,0.0,0.0,0.0,,0.0
,Khatima,2024-12-21,28.909628,79.949147,299,45720.0,41820.0,64125.0,15406.4,6682.5,50002.38,0.0,0.0,0.0,,0.0
,Khatima,2024-12-22,28.909628,79.949147,299,45720.0,41820.0,64125.0,15406.4,6682.5,50002.38,0.0,0.0,0.0,,0.0
,Khatima,2024-12-23,28.909628,79.949147,299,45720.0,41820.0,64125.0,15406.4,6682.5,50002.38,0.0,0.0,0.0,,0.0
,Khatima,2024-12-24,28.909628,79.949147,299,45720.0,41820.0,64125.0,15406.4,6682.5,50002.38,0.0,0.0,0.0,,4.81
,Khatima,2024-12-25,28.909628,79.949147,299,45720.0,41820.0,64125.0,15406.4,6682.5,50002.38,0.0,0.0,0.0,,0.0
,Khatima,2024-12-26,28.909628,79.949147,299,45720.0,41820.0,64125.0,15406.4,6682.5,50002.38,0.0,0.0,0.0,,0.0
,Khatima,2024-12-27,28.909628,79.949147,299,45720.0,41820.0,64125.0,15406.4,6682.5,50002.38,0.0,0.0,0.0,,0.0
,Khatima,2024-12-28,28.909628,79.949147,299,45720.0,41820.0,64125.0,15406.4,6682.5,50002.38,0.0,0.0,0.0,,5.75
,Khatima,2024-12-29,28.909628,79.949147,299,45720.0,41820.0,64125.0,15406.4,6682.5,50002.38,0.0,0.0,0.0,,0.0
,Khatima,2024-12-30,28.909628,79.949147,299,45720.0,41820.0,64125.0,15406.4,6682.5,50002.38,0.0,0.0,0.0,,0.0
,Khatima,2024-12-31,28.909628,79.949147,299,45720.0,41820.0,64125.0,15406.4,6682.5,50002.38,0.0,0.0,0.0,,0.0
,Khatima,2025-01-01,28.909628,79.949147,299,45720.0,41820.0,64125.0,15406.4,6682.5,50002.38,0.0,0.0,0.0,,0.0
,Khatima,2025-01-02,28.909628,79.949147,299,45720.0,41820.0,64125.0,15406.4,6682.5,50002.38,0.0,0.0,0.0,,0.0
,Khatima,2025-01-03,28.909628,79.949147,299,45720.0,41820.0,64125.0,15406.4,6682.5,50002.38,0.0,0.0,0.0,,0.0
,Khatima,2025-01-04,28.909628,79.949147,299,45720.0,41820.0,64125.0,15406.4,6682.5,50002.38,0.0,0.0,0.0,,0.0
,Khatima,2025-01-05,28.909628,79.949147,299,45720.0,41820.0,64125.0,15406.4,6682.5,50002.38,0.0,0.0,0.0,,0.0
,Khatima,2025-01-06,28.909628,79.949147,299,45720.0,41820.0,64125.0,15406.4,6682.5,50002.38,0.0,0.0,0.0,,0.0
,Khatima,2025-01-07,28.909628,79.949147,299,45720.0,41820.0,64125.0,15406.4,6682.5,50002.38,0.0,0.0,0.0,,6.11
,Khatima,2025-01-08,28.909628,79.949147,299,45720.0,41820.0,64125.0,15406.4,6682.5,50002.38,0.0,0.0,0.0,,0.0
,Khatima,2025-01-09,28.909628,79.949147,299,45720.0,41820.0,64125.0,15406.4,6682.5,50002.38,0.0,0.0,0.0,,0.0
,Khatima,2025-01-10,28.909628,79.949147,299,45720.0,41820.0,64125.0,15406.4,6682.5,50002.38,0.0,0.0,0.0,,0.0
,Khatima,2025-01-11,28.909628,79.949147,299,45720.0,41820.0,64125.0,15406.4,6682.5,50002.38,0.0,0.0,0.0,,0.0
,Khatima,2025-01-12,28.909628,79.949147,299,45720.0,41820.0,64125.0,15406.4,6682.5,50002.38,0.0,0.0,0.0,,0.0
,Khatima,2025-01-13,28.909628,79.949147,299,45720.0,41820.0,64125.0,15406.4,6682.5,50002.38,0.0,0.0,0.0,,0.0
,Khatima,2025-01-14,28.909628,79.949147,299,45720.0,41820.0,64125.0,15406.4,6682.5,50002.38,0.0,0.0,0.0,,0.0
,Khatima,2025-01-15,28.909628,79.949147,299,45720.0,41820.0,64125.0,15406.4,6682.5,50002.38,0.0,0.0,0.0,,0.0
,Khatima,2025-01-16,28.909628,79.949147,299,45720.0,41820.0,64125.0,15406.4,6682.5,50002.38,0.0,0.0,0.0,,5.81
,Khatima,2025-01-17,28.909628,79.949147,299,45720.0,41820.0,64125.0,15406.4,6682.5,50002.38,0.0,0.0,0.0,,0.0
,Khatima,2025-01-18,28.909628,79.949147,299,45720.0,41820.0,64125.0,15406.4,6682.5,50002.38,0.0,0.0,0.0,,0.0
,Khatima,2025-01-19,28.909628,79.949147,299,45720.0,41820.0,64125.0,15406.4,6682.5,50002.38,0.0,0.0,0.0,,0.0
,Khatima,2025-01-20,28.909628,79.949147,299,45720.0,41820.0,64125.0,15406.4,6682.5,50002.38,0.0,0.0,0.0,,0.0
,Khatima,2025-01-21,28.909628,79.949147,299,45720.0,41820.0,64125.0,15406.4,6682.5,50002.38,0.0,0.0,0.0,,0.0
,Khatima,2025-01-22,28.909628,79.949147,299,45720.0,41820.0,64125.0,15406.4,6682.5,50002.38,0.0,0.0,0.0,,0.0
,Khatima,2025-01-23,28.909628,79.949147,299,45720.0,41820.0,64125.0,15406.4,6682.5,50002.38,0.0,0.0,0.0,,0.0
,Khatima,2025-01-24,28.909628,79.949147,299,45720.0,41820.0,64125.0,15406.4,6682.5,50002.38,0.0,0.0,0.0,,0.0
,Khatima,2025-01-25,28.909628,79.949147,299,45720.0,41820.0,64125.0,15406.4,6682.5,50002.38,0.0,0.0,0.0,,0.0
,Khatima,2025-01-26,28.909628,79.949147,299,45720.0,41820.0,64125.0,15406.4,6682.5,50002.38,0.0,0.0,0.0,,0.0
,Khatima,2025-01-27,28.909628,79.949147,299,45720.0,41820.0,64125.0,15406.4,6682.5,50002.38,0.0,0.0,0.0,,0.0
,Khatima,2025-01-28,28.909628,79.949147,299,45720.0,41820.0,64125.0,15406.4,6682.5,50002.38,0.0,0.0,0.0,,0.0
,Khatima,2025-01-29,28.909628,79.949147,299,45720.0,41820.0,64125.0,15406.4,6682.5,50002.38,0.0,0.0,0.0,,0.0
,Khatima,2025-01-30,28.909628,79.949147,299,45720.0,41820.0,64125.0,15406.4,6682.5,50002.38,0.0,0.0,0.0,,0.0
,Khatima,2025-01-31,28.909628,79.949147,299,45720.0,41820.0,64125.0,15406.4,6682.5,50002.38,0.0,0.0,0.0,,6.77
,Khatima,2025-02-01,28.909628,79.949147,299,45720.0,41820.0,64125.0,15406.4,6682.5,50002.38,0.0,0.0,0.0,,0.0
,Khatima,2025-02-02,28.909628,79.949147,299,45720.0,41820.0,64125.0,15406.4,6682.5,50002.38,0.0,0.0,0.0,,0.0
,Khatima,2025-02-03,28.909628,79.949147,299,45720.0,41820.0,64125.0,15406.4,6682.5,50002.38,0.0,0.0,0.0,,0.0
,Khatima,2025-02-04,28.909628,79.949147,299,45720.0,41820.0,64125.0,15406.4,6682.5,50002.38,0.0,0.0,0.0,,0.0
,Khatima,2025-02-05,28.909628,79.949147,299,45720.0,41820.0,64125.0,15406.4,6682.5,50002.38,0.0,0.0,0.0,,0.0
,Khatima,2025-02-06,28.909628,79.949147,299,45720.0,41820.0,64125.0,15406.4,6682.5,50002.38,0.0,0.0,0.0,,0.0
,Khatima,2025-02-07,28.909628,79.949147,299,45720.0,41820.0,64125.0,15406.4,6682.5,50002.38,0.0,0.0,0.0,,0.0
,Khatima,2025-02-08,28.909628,79.949147,299,45720.0,41820.0,64125.0,15406.4,6682.5,50002.38,0.0,0.0,0.0,,0.22
,Khatima,2025-02-09,28.909628,79.949147,299,45720.0,41820.0,64125.0,15406.4,6682.5,50002.38,0.0,0.0,0.0,,2.18
,Khatima,2025-02-10,28.909628,79.949147,299,45720.0,41820.0,64125.0,15406.4,6682.5,50002.38,0.0,0.0,0.0,,0.0
,Khatima,2025-02-11,28.909628,79.949147,299,45720.0,41820.0,64125.0,15406.4,6682.5,50002.38,0.0,0.0,0.0,,0.0
,Khatima,2025-02-12,28.909628,79.949147,299,45720.0,41820.0,64125.0,15406.4,6682.5,50002.38,0.0,0.0,0.0,,0.0
,Khatima,2025-02-13,28.909628,79.949147,299,45720.0,41820.0,64125.0,15406.4,6682.5,50002.38,0.0,0.0,0.0,,0.0
,Khatima,2025-02-14,28.909628,79.949147,299,45720.0,41820.0,64125.0,15406.4,6682.5,50002.38,0.0,0.0,0.0,,0.0
,Khatima,2025-02-15,28.909628,79.949147,299,45720.0,41820.0,64125.0,15406.4,6682.5,50002.38,0.0,0.0,0.0,,0.0
,Khatima,2025-02-16,28.909628,79.949147,299,45720.0,41820.0,64125.0,15406.4,6682.5,50002.38,0.0,0.0,0.0,,0.0
,Khatima,2025-02-17,28.909628,79.949147,299,45720.0,41820.0,64125.0,15406.4,6682.5,50002.38,0.0,0.0,0.0,,0.0
,Khatima,2025-02-18,28.909628,79.949147,299,45720.0,41820.0,64125.0,15406.4,6682.5,50002.38,0.0,0.0,0.0,,0.0
,Khatima,2025-02-19,28.909628,79.949147,299,45720.0,41820.0,64125.0,15406.4,6682.5,50002.38,0.0,0.0,0.0,,0.0
,Khatima,2025-02-20,28.909628,79.949147,299,45720.0,41820.0,64125.0,15406.4,6682.5,50002.38,0.0,0.0,0.0,,0.0
,Khatima,2025-02-21,28.909628,79.949147,299,45720.0,41820.0,64125.0,15406.4,6682.5,50002.38,0.0,0.0,0.0,,0.0
,Khatima,2025-02-22,28.909628,79.949147,299,45720.0,41820.0,64125.0,15406.4,6682.5,50002.38,0.0,0.0,0.0,,0.0
,Khatima,2025-02-23,28.909628,79.949147,299,45720.0,41820.0,64125.0,15406.4,6682.5,50002.38,0.0,0.0,0.0,,0.0
,Khatima,2025-02-24,28.909628,79.949147,299,45720.0,41820.0,64125.0,15406.4,6682.5,50002.38,0.0,0.0,0.0,,0.0
,Khatima,2025-02-25,28.909628,79.949147,299,45720.0,41820.0,64125.0,15406.4,6682.5,50002.38,0.0,0.0,0.0,,0.0
,Khatima,2025-02-26,28.909628,79.949147,299,45720.0,41820.0,64125.0,15406.4,6682.5,50002.38,0.0,0.0,0.0,,0.53
,Khatima,2025-02-27,28.909628,79.949147,299,45720.0,41820.0,64125.0,15406.4,6682.5,50002.38,0.0,0.0,0.0,,8.93
,Khatima,2025-02-28,28.909628,79.949147,299,45720.0,41820.0,64125.0,15406.4,6682.5,50002.38,0.0,0.0,0.0,,9.11
,Khatima,2025-03-01,28.909628,79.949147,299,45720.0,41820.0,64125.0,15406.4,6682.5,50002.38,0.0,0.0,0.0,,5.01
,Khatima,2025-03-02,28.909628,79.949147,299,45720.0,41820.0,64125.0,15406.4,6682.5,50002.38,0.0,0.0,0.0,,0.0
,Khatima,2025-03-03,28.909628,79.949147,299,45720.0,41820.0,64125.0,15406.4,6682.5,50002.38,0.0,0.0,0.0,,0.0
,Khatima,2025-03-04,28.909628,79.949147,299,45720.0,41820.0,64125.0,15406.4,6682.5,50002.38,0.0,0.0,0.0,,0.0
,Khatima,2025-03-05,28.909628,79.949147,299,45720.0,41820.0,64125.0,15406.4,6682.5,50002.38,0.0,0.0,0.0,,0.0
,Khatima,2025-03-06,28.909628,79.949147,299,45720.0,41820.0,64125.0,15406.4,6682.5,50002.38,0.0,0.0,0.0,,0.0
,Khatima,2025-03-07,28.909628,79.949147,299,45720.0,41820.0,64125.0,15406.4,6682.5,50002.38,0.0,0.0,0.0,,0.0
,Khatima,2025-03-08,28.909628,79.949147,299,45720.0,41820.0,64125.0,15406.4,6682.5,50002.38,0.0,0.0,0.0,,0.0
,Khatima,2025-03-09,28.909628,79.949147,299,45720.0,41820.0,64125.0,15406.4,6682.5,50002.38,0.0,0.0,0.0,,0.0
,Khatima,2025-03-10,28.909628,79.949147,299,45720.0,41820.0,64125.0,15406.4,6682.5,50002.38,0.0,0.0,0.0,,0.0
,Khatima,2025-03-11,28.909628,79.949147,299,45720.0,41820.0,64125.0,15406.4,6682.5,50002.38,0.0,0.0,0.0,,0.0
,Khatima,2025-03-12,28.909628,79.949147,299,45720.0,41820.0,64125.0,15406.4,6682.5,50002.38,0.0,0.0,0.0,,0.0
,Khatima,2025-03-13,28.909628,79.949147,299,45720.0,41820.0,64125.0,15406.4,6682.5,50002.38,0.0,0.0,0.0,,0.0
,Khatima,2025-03-14,28.909628,79.949147,299,45720.0,41820.0,64125.0,15406.4,6682.5,50002.38,0.0,0.0,0.0,,0.0
,Khatima,2025-03-15,28.909628,79.949147,299,45720.0,41820.0,64125.0,15406.4,6682.5,50002.38,0.0,0.0,0.0,,0.0
,Khatima,2025-03-16,28.909628,79.949147,299,45720.0,41820.0,64125.0,15406.4,6682.5,50002.38,0.0,0.0,0.0,,5.26
,Khatima,2025-03-17,28.909628,79.949147,299,45720.0,41820.0,64125.0,15406.4,6682.5,50002.38,0.0,0.0,0.0,,0.0
,Khatima,2025-03-18,28.909628,79.949147,299,45720.0,41820.0,64125.0,15406.4,6682.5,50002.38,0.0,0.0,0.0,,0.0
,Khatima,2025-03-19,28.909628,79.949147,299,45720.0,41820.0,64125.0,15406.4,6682.5,50002.38,0.0,0.0,0.0,,0.0
,Khatima,2025-03-20,28.909628,79.949147,299,45720.0,41820.0,64125.0,15406.4,6682.5,50002.38,0.0,0.0,0.0,,0.0
,Khatima,2025-03-21,28.909628,79.949147,299,45720.0,41820.0,64125.0,15406.4,6682.5,50002.38,0.0,0.0,0.0,,0.0
,Khatima,2025-03-22,28.909628,79.949147,299,45720.0,41820.0,64125.0,15406.4,6682.5,50002.38,0.0,0.0,0.0,,0.0
,Khatima,2025-03-23,28.909628,79.949147,299,45720.0,41820.0,64125.0,15406.4,6682.5,50002.38,0.0,0.0,0.0,,0.0
,Khatima,2025-03-24,28.909628,79.949147,299,45720.0,41820.0,64125.0,15406.4,6682.5,50002.38,0.0,0.0,0.0,,0.0
,Khatima,2025-03-25,28.909628,79.949147,299,45720.0,41820.0,64125.0,15406.4,6682.5,50002.38,0.0,0.0,0.0,,0.0
,Khatima,2025-03-26,28.909628,79.949147,299,45720.0,41820.0,64125.0,15406.4,6682.5,50002.38,0.0,0.0,0.0,,0.0
,Khatima,2025-03-27,28.909628,79.949147,299,45720.0,41820.0,64125.0,15406.4,6682.5,50002.38,0.0,0.0,0.0,,8.75
,Khatima,2025-03-28,28.909628,79.949147,299,45720.0,41820.0,64125.0,15406.4,6682.5,50002.38,0.0,0.0,0.0,,0.0
,Khatima,2025-03-29,28.909628,79.949147,299,45720.0,41820.0,64125.0,15406.4,6682.5,50002.38,0.0,0.0,0.0,,0.0
,Khatima,2025-03-30,28.909628,79.949147,299,45720.0,41820.0,64125.0,15406.4,6682.5,50002.38,0.0,0.0,0.0,,0.0
,Khatima,2025-03-31,28.909628,79.949147,299,45720.0,41820.0,64125.0,15406.4,6682.5,50002.38,0.0,0.0,0.0,,0.0
,Khatima,2025-04-01,28.909628,79.949147,299,45720.0,41820.0,64125.0,15406.4,6682.5,50002.38,0.0,0.0,0.0,,0.0
,Khatima,2025-04-02,28.909628,79.949147,299,45720.0,41820.0,64125.0,15406.4,6682.5,50002.38,0.0,0.0,0.0,,0.0
,Khatima,2025-04-03,28.909628,79.949147,299,45720.0,41820.0,64125.0,15406.4,6682.5,50002.38,0.0,0.0,0.0,,0.0
,Khatima,2025-04-04,28.909628,79.949147,299,45720.0,41820.0,64125.0,15406.4,6682.5,50002.38,0.0,0.0,0.0,,0.0
,Khatima,2025-04-05,28.909628,79.949147,299,45720.0,41820.0,64125.0,15406.4,6682.5,50002.38,0.0,0.0,0.0,,0.0
,Khatima,2025-04-06,28.909628,79.949147,299,45720.0,41820.0,64125.0,15406.4,6682.5,50002.38,0.0,0.0,0.0,,0.0
,Khatima,2025-04-07,28.909628,79.949147,299,45720.0,41820.0,64125.0,15406.4,6682.5,50002.38,0.0,0.0,0.0,,0.0
,Khatima,2025-04-08,28.909628,79.949147,299,45720.0,41820.0,64125.0,15406.4,6682.5,50002.38,0.0,0.0,0.0,,0.0
,Khatima,2025-04-09,28.909628,79.949147,299,45720.0,41820.0,64125.0,15406.4,6682.5,50002.38,0.0,0.0,0.0,,4.75
,Khatima,2025-04-10,28.909628,79.949147,299,45720.0,41820.0,64125.0,15406.4,6682.5,50002.38,0.0,0.0,0.0,,4.75
,Khatima,2025-04-11,28.909628,79.949147,299,45720.0,41820.0,64125.0,15406.4,6682.5,50002.38,0.0,0.0,0.0,,3.61
,Khatima,2025-04-12,28.909628,79.949147,299,45720.0,41820.0,64125.0,15406.4,6682.5,50002.38,0.0,0.0,0.0,,0.0
,Khatima,2025-04-13,28.909628,79.949147,299,45720.0,41820.0,64125.0,15406.4,6682.5,50002.38,0.0,0.0,0.0,,0.0
,Khatima,2025-04-14,28.909628,79.949147,299,45720.0,41820.0,64125.0,15406.4,6682.5,50002.38,0.0,0.0,0.0,,0.0
,Khatima,2025-04-15,28.909628,79.949147,299,45720.0,41820.0,64125.0,15406.4,6682.5,50002.38,0.0,0.0,0.0,,0.0
,Khatima,2025-04-16,28.909628,79.949147,299,45720.0,41820.0,64125.0,15406.4,6682.5,50002.38,0.0,0.0,0.0,,0.0
,Khatima,2025-04-17,28.909628,79.949147,299,45720.0,41820.0,64125.0,15406.4,6682.5,50002.38,0.0,0.0,0.0,,0.0
,Khatima,2025-04-18,28.909628,79.949147,299,45720.0,41820.0,64125.0,15406.4,6682.5,50002.38,0.0,0.0,0.0,,3.42
,Khatima,2025-04-19,28.909628,79.949147,299,45720.0,41820.0,64125.0,15406.4,6682.5,50002.38,0.0,0.0,0.0,,0.0
,Khatima,2025-04-20,28.909628,79.949147,299,45720.0,41820.0,64125.0,15406.4,6682.5,50002.38,0.0,0.0,0.0,,0.0
,Khatima,2025-04-21,28.909628,79.949147,299,45720.0,41820.0,64125.0,15406.4,6682.5,50002.38,0.0,0.0,0.0,,0.0
,Khatima,2025-04-22,28.909628,79.949147,299,45720.0,41820.0,64125.0,15406.4,6682.5,50002.38,0.0,0.0,0.0,,0.0
,Khatima,2025-04-23,28.909628,79.949147,299,45720.0,41820.0,64125.0,15406.4,6682.5,50002.38,0.0,0.0,0.0,,0.0
,Khatima,2025-04-24,28.909628,79.949147,299,45720.0,41820.0,64125.0,15406.4,6682.5,50002.38,0.0,0.0,0.0,,0.0
,Khatima,2025-04-25,28.909628,79.949147,299,45720.0,41820.0,64125.0,15406.4,6682.5,50002.38,0.0,0.0,0.0,,0.0
,Khatima,2025-04-26,28.909628,79.949147,299,45720.0,41820.0,64125.0,15406.4,6682.5,50002.38,0.0,0.0,0.0,,0.0
,Khatima,2025-04-27,28.909628,79.949147,299,45720.0,41820.0,64125.0,15406.4,6682.5,50002.38,0.0,0.0,0.0,,0.0
,Khatima,2025-04-28,28.909628,79.949147,299,45720.0,41820.0,64125.0,15406.4,6682.5,50002.38,0.0,0.0,0.0,,0.0
,Khatima,2025-04-29,28.909628,79.949147,299,45720.0,41820.0,64125.0,15406.4,6682.5,50002.38,0.0,0.0,0.0,,0.0
,Khatima,2025-04-30,28.909628,79.949147,299,45720.0,41820.0,64125.0,15406.4,6682.5,50002.38,0.0,0.0,0.0,,0.0
,Khatima,2025-05-01,28.909628,79.949147,299,45720.0,41820.0,64125.0,15406.4,6682.5,50002.38,0.0,0.0,0.0,,0.0
,Khatima,2025-05-02,28.909628,79.949147,299,45720.0,41820.0,64125.0,15406.4,6682.5,50002.38,0.0,0.0,0.0,,7.58
,Khatima,2025-05-03,28.909628,79.949147,299,45720.0,41820.0,64125.0,15406.4,6682.5,50002.38,0.0,0.0,0.0,,0.0
,Khatima,2025-05-04,28.909628,79.949147,299,45720.0,41820.0,64125.0,15406.4,6682.5,50002.38,0.0,0.0,1.0,,15.17
,Khatima,2025-05-05,28.909628,79.949147,299,45720.0,41820.0,64125.0,15406.4,6682.5,50002.38,0.0,0.0,0.0,,7.58
,Khatima,2025-05-06,28.909628,79.949147,299,45720.0,41820.0,64125.0,15406.4,6682.5,50002.38,0.0,0.0,0.0,,5.07
,Khatima,2025-05-07,28.909628,79.949147,299,45720.0,41820.0,64125.0,15406.4,6682.5,50002.38,0.0,0.0,0.0,,0.0
,Khatima,2025-05-08,28.909628,79.949147,299,45720.0,41820.0,64125.0,15406.4,6682.5,50002.38,0.0,0.0,0.0,,2.79
,Khatima,2025-05-09,28.909628,79.949147,299,45720.0,41820.0,64125.0,15406.4,6682.5,50002.38,0.0,0.0,0.0,,0.67
,Khatima,2025-05-10,28.909628,79.949147,299,45720.0,41820.0,64125.0,15406.4,6682.5,50002.38,0.0,0.0,0.0,,1.94
,Khatima,2025-05-11,28.909628,79.949147,299,45720.0,41820.0,64125.0,15406.4,6682.5,50002.38,0.0,0.0,0.0,,0.0
,Khatima,2025-05-12,28.909628,79.949147,299,45720.0,41820.0,64125.0,15406.4,6682.5,50002.38,0.0,0.0,0.0,,0.0
,Khatima,2025-05-13,28.909628,79.949147,299,45720.0,41820.0,64125.0,15406.4,6682.5,50002.38,0.0,0.0,0.0,,0.0
,Khatima,2025-05-14,28.909628,79.949147,299,45720.0,41820.0,64125.0,15406.4,6682.5,50002.38,0.0,0.0,0.0,,0.0
,Khatima,2025-05-15,28.909628,79.949147,299,45720.0,41820.0,64125.0,15406.4,6682.5,50002.38,0.0,0.0,0.0,,0.0
,Khatima,2025-05-16,28.909628,79.949147,299,45720.0,41820.0,64125.0,15406.4,6682.5,50002.38,0.0,0.0,0.0,,0.02
,Khatima,2025-05-17,28.909628,79.949147,299,45720.0,41820.0,64125.0,15406.4,6682.5,50002.38,0.0,0.0,0.0,,0.36
,Khatima,2025-05-18,28.909628,79.949147,299,45720.0,41820.0,64125.0,15406.4,6682.5,50002.38,0.0,0.0,0.0,,0.0
,Khatima,2025-05-19,28.909628,79.949147,299,45720.0,41820.0,64125.0,15406.4,6682.5,50002.38,0.0,0.0,0.0,,0.76
,Khatima,2025-05-20,28.909628,79.949147,299,45720.0,41820.0,64125.0,15406.4,6682.5,50002.38,0.0,0.0,0.0,,4.21
,Khatima,2025-05-21,28.909628,79.949147,299,45720.0,41820.0,64125.0,15406.4,6682.5,50002.38,1.0,1.0,1.0,,53.3
,Khatima,2025-05-22,28.909628,79.949147,299,45720.0,41820.0,64125.0,15406.4,6682.5,50002.38,0.0,0.0,0.0,,0.0
,Khatima,2025-05-23,28.909628,79.949147,299,45720.0,41820.0,64125.0,15406.4,6682.5,50002.38,0.0,0.0,0.0,,0.0
,Khatima,2025-05-24,28.909628,79.949147,299,45720.0,41820.0,64125.0,15406.4,6682.5,50002.38,0.0,0.0,0.0,,0.0
,Khatima,2025-05-25,28.909628,79.949147,299,45720.0,41820.0,64125.0,15406.4,6682.5,50002.38,0.0,0.0,0.0,,0.0
,Khatima,2025-05-26,28.909628,79.949147,299,45720.0,41820.0,64125.0,15406.4,6682.5,50002.38,0.0,0.0,0.0,,0.0
,Khatima,2025-05-27,28.909628,79.949147,299,45720.0,41820.0,64125.0,15406.4,6682.5,50002.38,0.0,0.0,0.0,,0.0
,Khatima,2025-05-28,28.909628,79.949147,299,45720.0,41820.0,64125.0,15406.4,6682.5,50002.38,0.0,0.0,1.0,,12.91
,Khatima,2025-05-29,28.909628,79.949147,299,45720.0,41820.0,64125.0,15406.4,6682.5,50002.38,0.0,0.0,0.0,,0.0
,Khatima,2025-05-30,28.909628,79.949147,299,45720.0,41820.0,64125.0,15406.4,6682.5,50002.38,0.0,0.0,0.0,,0.0
,Khatima,2025-05-31,28.909628,79.949147,299,45720.0,41820.0,64125.0,15406.4,6682.5,50002.38,0.0,0.0,0.0,,0.0
,Khatima,2025-06-01,28.909628,79.949147,299,45720.0,41820.0,64125.0,15406.4,6682.5,50002.38,0.0,0.0,0.0,,0.0
,Khatima,2025-06-02,28.909628,79.949147,299,45720.0,41820.0,64125.0,15406.4,6682.5,50002.38,0.0,0.0,0.0,,0.0
,Khatima,2025-06-03,28.909628,79.949147,299,45720.0,41820.0,64125.0,15406.4,6682.5,50002.38,0.0,0.0,0.0,,0.0
,Khatima,2025-06-04,28.909628,79.949147,299,45720.0,41820.0,64125.0,15406.4,6682.5,50002.38,0.0,0.0,0.0,,0.0
,Khatima,2025-06-05,28.909628,79.949147,299,45720.0,41820.0,64125.0,15406.4,6682.5,50002.38,0.0,0.0,0.0,,0.0
,Khatima,2025-06-06,28.909628,79.949147,299,45720.0,41820.0,64125.0,15406.4,6682.5,50002.38,0.0,0.0,0.0,,0.0
,Khatima,2025-06-07,28.909628,79.949147,299,45720.0,41820.0,64125.0,15406.4,6682.5,50002.38,0.0,0.0,0.0,,0.0
,Khatima,2025-06-08,28.909628,79.949147,299,45720.0,41820.0,64125.0,15406.4,6682.5,50002.38,0.0,0.0,0.0,,0.0
,Khatima,2025-06-09,28.909628,79.949147,299,45720.0,41820.0,64125.0,15406.4,6682.5,50002.38,0.0,0.0,0.0,,0.0
,Khatima,2025-06-10,28.909628,79.949147,299,45720.0,41820.0,64125.0,15406.4,6682.5,50002.38,0.0,0.0,0.0,,0.0
,Khatima,2025-06-11,28.909628,79.949147,299,45720.0,41820.0,64125.0,15406.4,6682.5,50002.38,0.0,0.0,0.0,,0.34
,Khatima,2025-06-12,28.909628,79.949147,299,45720.0,41820.0,64125.0,15406.4,6682.5,50002.38,0.0,1.0,1.0,,27.61
,Khatima,2025-06-13,28.909628,79.949147,299,45720.0,41820.0,64125.0,15406.4,6682.5,50002.38,0.0,0.0,0.0,,8.13
,Khatima,2025-06-14,28.909628,79.949147,299,45720.0,41820.0,64125.0,15406.4,6682.5,50002.38,0.0,0.0,0.0,,0.05
,Khatima,2025-06-15,28.909628,79.949147,299,45720.0,41820.0,64125.0,15406.4,6682.5,50002.38,0.0,1.0,1.0,,22.64
,Khatima,2025-06-16,28.909628,79.949147,299,45720.0,41820.0,64125.0,15406.4,6682.5,50002.38,0.0,0.0,1.0,,17.24
,Khatima,2025-06-17,28.909628,79.949147,299,45720.0,41820.0,64125.0,15406.4,6682.5,50002.38,0.0,0.0,1.0,,17.24
,Khatima,2025-06-18,28.909628,79.949147,299,45720.0,41820.0,64125.0,15406.4,6682.5,50002.38,0.0,0.0,0.0,,0.0
,Khatima,2025-06-19,28.909628,79.949147,299,45720.0,41820.0,64125.0,15406.4,6682.5,50002.38,0.0,0.0,0.0,,0.0
,Khatima,2025-06-20,28.909628,79.949147,299,45720.0,41820.0,64125.0,15406.4,6682.5,50002.38,0.0,0.0,1.0,,17.24
,Khatima,2025-06-21,28.909628,79.949147,299,45720.0,41820.0,64125.0,15406.4,6682.5,50002.38,0.0,0.0,0.0,,0.0
,Khatima,2025-06-22,28.909628,79.949147,299,45720.0,41820.0,64125.0,15406.4,6682.5,50002.38,0.0,0.0,0.0,,0.0
,Khatima,2025-06-23,28.909628,79.949147,299,45720.0,41820.0,64125.0,15406.4,6682.5,50002.38,0.0,0.0,0.0,,0.0
,Khatima,2025-06-24,28.909628,79.949147,299,45720.0,41820.0,64125.0,15406.4,6682.5,50002.38,0.0,0.0,1.0,,17.02
,Khatima,2025-06-25,28.909628,79.949147,299,45720.0,41820.0,64125.0,15406.4,6682.5,50002.38,1.0,1.0,1.0,,34.04
,Khatima,2025-06-26,28.909628,79.949147,299,45720.0,41820.0,64125.0,15406.4,6682.5,50002.38,0.0,0.0,1.0,,18.14
,Khatima,2025-06-27,28.909628,79.949147,299,45720.0,41820.0,64125.0,15406.4,6682.5,50002.38,0.0,0.0,0.0,,0.0
,Khatima,2025-06-28,28.909628,79.949147,299,45720.0,41820.0,64125.0,15406.4,6682.5,50002.38,0.0,0.0,1.0,,18.14
,Khatima,2025-06-29,28.909628,79.949147,299,45720.0,41820.0,64125.0,15406.4,6682.5,50002.38,1.0,1.0,1.0,,54.43
,Khatima,2025-06-30,28.909628,79.949147,299,45720.0,41820.0,64125.0,15406.4,6682.5,50002.38,0.0,0.0,1.0,,18.14
,Khatima,2025-07-01,28.909628,79.949147,299,45720.0,41820.0,64125.0,15406.4,6682.5,50002.38,0.0,0.0,0.0,,5.94
,Khatima,2025-07-02,28.909628,79.949147,299,45720.0,41820.0,64125.0,15406.4,6682.5,50002.38,0.0,0.0,1.0,,11.42
,Khatima,2025-07-03,28.909628,79.949147,299,45720.0,41820.0,64125.0,15406.4,6682.5,50002.38,0.0,0.0,0.0,,4.16
,Khatima,2025-07-04,28.909628,79.949147,299,45720.0,41820.0,64125.0,15406.4,6682.5,50002.38,0.0,0.0,0.0,,1.97
,Khatima,2025-07-05,28.909628,79.949147,299,45720.0,41820.0,64125.0,15406.4,6682.5,50002.38,0.0,0.0,0.0,,0.01
,Khatima,2025-07-06,28.909628,79.949147,299,45720.0,41820.0,64125.0,15406.4,6682.5,50002.38,0.0,0.0,0.0,,0.0
,Khatima,2025-07-07,28.909628,79.949147,299,45720.0,41820.0,64125.0,15406.4,6682.5,50002.38,0.0,0.0,0.0,,0.0
,Khatima,2025-07-08,28.909628,79.949147,299,45720.0,41820.0,64125.0,15406.4,6682.5,50002.38,1.0,1.0,1.0,,57.6
,Khatima,2025-07-09,28.909628,79.949147,299,45720.0,41820.0,64125.0,15406.4,6682.5,50002.38,0.0,0.0,0.0,,0.0
,Khatima,2025-07-10,28.909628,79.949147,299,45720.0,41820.0,64125.0,15406.4,6682.5,50002.38,0.0,0.0,0.0,,0.0
,Khatima,2025-07-11,28.909628,79.949147,299,45720.0,41820.0,64125.0,15406.4,6682.5,50002.38,0.0,0.0,0.0,,0.0
,Khatima,2025-07-12,28.909628,79.949147,299,45720.0,41820.0,64125.0,15406.4,6682.5,50002.38,0.0,1.0,1.0,,21.15
,Khatima,2025-07-13,28.909628,79.949147,299,45720.0,41820.0,64125.0,15406.4,6682.5,50002.38,0.0,1.0,1.0,,21.15
,Khatima,2025-07-14,28.909628,79.949147,299,45720.0,41820.0,64125.0,15406.4,6682.5,50002.38,0.0,0.0,0.0,,10.57
,Khatima,2025-07-15,28.909628,79.949147,299,45720.0,41820.0,64125.0,15406.4,6682.5,50002.38,0.0,0.0,0.0,,0.0
,Khatima,2025-07-16,28.909628,79.949147,299,45720.0,41820.0,64125.0,15406.4,6682.5,50002.38,0.0,0.0,0.0,,0.0
,Khatima,2025-07-17,28.909628,79.949147,299,45720.0,41820.0,64125.0,15406.4,6682.5,50002.38,0.0,0.0,0.0,,0.0
,Khatima,2025-07-18,28.909628,79.949147,299,45720.0,41820.0,64125.0,15406.4,6682.5,50002.38,0.0,0.0,0.0,,0.0
,Khatima,2025-07-19,28.909628,79.949147,299,45720.0,41820.0,64125.0,15406.4,6682.5,50002.38,0.0,0.0,0.0,,0.0
,Khatima,2025-07-20,28.909628,79.949147,299,45720.0,41820.0,64125.0,15406.4,6682.5,50002.38,1.0,1.0,1.0,,53.56
,Khatima,2025-07-21,28.909628,79.949147,299,45720.0,41820.0,64125.0,15406.4,6682.5,50002.38,0.0,0.0,0.0,,0.0
,Khatima,2025-07-22,28.909628,79.949147,299,45720.0,41820.0,64125.0,15406.4,6682.5,50002.38,0.0,0.0,0.0,,0.0
,Khatima,2025-07-23,28.909628,79.949147,299,45720.0,41820.0,64125.0,15406.4,6682.5,50002.38,0.0,0.0,0.0,,0.0
,Khatima,2025-07-24,28.909628,79.949147,299,45720.0,41820.0,64125.0,15406.4,6682.5,50002.38,0.0,0.0,0.0,,0.0
,Khatima,2025-07-25,28.909628,79.949147,299,45720.0,41820.0,64125.0,15406.4,6682.5,50002.38,1.0,1.0,1.0,,30.29
,Khatima,2025-07-26,28.909628,79.949147,299,45720.0,41820.0,64125.0,15406.4,6682.5,50002.38,1.0,1.0,1.0,,34.95
,Khatima,2025-07-27,28.909628,79.949147,299,45720.0,41820.0,64125.0,15406.4,6682.5,50002.38,0.0,0.0,0.0,,0.0
,Khatima,2025-07-28,28.909628,79.949147,299,45720.0,41820.0,64125.0,15406.4,6682.5,50002.38,0.0,0.0,0.0,,0.0
,Khatima,2025-07-29,28.909628,79.949147,299,45720.0,41820.0,64125.0,15406.4,6682.5,50002.38,0.0,0.0,0.0,,0.0
,Khatima,2025-07-30,28.909628,79.949147,299,45720.0,41820.0,64125.0,15406.4,6682.5,50002.38,0.0,0.0,0.0,,0.0
,Khatima,2025-07-31,28.909628,79.949147,299,45720.0,41820.0,64125.0,15406.4,6682.5,50002.38,1.0,1.0,1.0,,34.95
,Khatima,2025-08-01,28.909628,79.949147,299,45720.0,41820.0,64125.0,15406.4,6682.5,50002.38,0.0,0.0,1.0,,12.94
,Khatima,2025-08-02,28.909628,79.949147,299,45720.0,41820.0,64125.0,15406.4,6682.5,50002.38,0.0,0.0,0.0,,0.0
,Khatima,2025-08-03,28.909628,79.949147,299,45720.0,41820.0,64125.0,15406.4,6682.5,50002.38,1.0,1.0,1.0,,51.77
,Khatima,2025-08-04,28.909628,79.949147,299,45720.0,41820.0,64125.0,15406.4,6682.5,50002.38,0.0,0.0,0.0,,0.0
,Khatima,2025-08-05,28.909628,79.949147,299,45720.0,41820.0,64125.0,15406.4,6682.5,50002.38,1.0,1.0,1.0,,64.71
,Khatima,2025-08-06,28.909628,79.949147,299,45720.0,41820.0,64125.0,15406.4,6682.5,50002.38,1.0,1.0,1.0,,40.55
,Khatima,2025-08-07,28.909628,79.949147,299,45720.0,41820.0,64125.0,15406.4,6682.5,50002.38,0.0,0.0,0.0,,0.0
,Khatima,2025-08-08,28.909628,79.949147,299,45720.0,41820.0,64125.0,15406.4,6682.5,50002.38,1.0,1.0,1.0,,121.65
,Khatima,2025-08-09,28.909628,79.949147,299,45720.0,41820.0,64125.0,15406.4,6682.5,50002.38,0.0,0.0,0.0,,0.0
,Khatima,2025-08-10,28.909628,79.949147,299,45720.0,41820.0,64125.0,15406.4,6682.5,50002.38,0.0,0.0,0.0,,0.0
,Khatima,2025-08-11,28.909628,79.949147,299,45720.0,41820.0,64125.0,15406.4,6682.5,50002.38,0.0,0.0,0.0,,0.0
,Khatima,2025-08-12,28.909628,79.949147,299,45720.0,41820.0,64125.0,15406.4,6682.5,50002.38,0.0,0.0,0.0,,0.0
,Khatima,2025-08-13,28.909628,79.949147,299,45720.0,41820.0,64125.0,15406.4,6682.5,50002.38,1.0,1.0,1.0,,115.41
,Khatima,2025-08-14,28.909628,79.949147,299,45720.0,41820.0,64125.0,15406.4,6682.5,50002.38,1.0,1.0,1.0,,57.71
,Khatima,2025-08-15,28.909628,79.949147,299,45720.0,41820.0,64125.0,15406.4,6682.5,50002.38,0.0,0.0,0.0,,0.0
,Khatima,2025-08-16,28.909628,79.949147,299,45720.0,41820.0,64125.0,15406.4,6682.5,50002.38,0.0,1.0,1.0,,22.01
,Khatima,2025-08-17,28.909628,79.949147,299,45720.0,41820.0,64125.0,15406.4,6682.5,50002.38,0.0,0.0,0.0,,11.0
,Khatima,2025-08-18,28.909628,79.949147,299,45720.0,41820.0,64125.0,15406.4,6682.5,50002.38,0.0,0.0,0.0,,0.0
,Khatima,2025-08-19,28.909628,79.949147,299,45720.0,41820.0,64125.0,15406.4,6682.5,50002.38,0.0,0.0,0.0,,0.0
,Khatima,2025-08-20,28.909628,79.949147,299,45720.0,41820.0,64125.0,15406.4,6682.5,50002.38,0.0,0.0,0.0,,0.0
,Khatima,2025-08-21,28.909628,79.949147,299,45720.0,41820.0,64125.0,15406.4,6682.5,50002.38,0.0,1.0,1.0,,20.44
,Khatima,2025-08-22,28.909628,79.949147,299,45720.0,41820.0,64125.0,15406.4,6682.5,50002.38,0.0,0.0,0.0,,0.0
,Khatima,2025-08-23,28.909628,79.949147,299,45720.0,41820.0,64125.0,15406.4,6682.5,50002.38,0.0,0.0,0.0,,0.0
,Khatima,2025-08-24,28.909628,79.949147,299,45720.0,41820.0,64125.0,15406.4,6682.5,50002.38,0.0,0.0,0.0,,10.22
,Khatima,2025-08-25,28.909628,79.949147,299,45720.0,41820.0,64125.0,15406.4,6682.5,50002.38,0.0,0.0,0.0,,0.0
,Khatima,2025-08-26,28.909628,79.949147,299,45720.0,41820.0,64125.0,15406.4,6682.5,50002.38,0.0,1.0,1.0,,21.5
,Khatima,2025-08-27,28.909628,79.949147,299,45720.0,41820.0,64125.0,15406.4,6682.5,50002.38,0.0,0.0,0.0,,0.0
,Khatima,2025-08-28,28.909628,79.949147,299,45720.0,41820.0,64125.0,15406.4,6682.5,50002.38,1.0,1.0,1.0,,64.51
,Khatima,2025-08-29,28.909628,79.949147,299,45720.0,41820.0,64125.0,15406.4,6682.5,50002.38,0.0,1.0,1.0,,21.5
,Khatima,2025-08-30,28.909628,79.949147,299,45720.0,41820.0,64125.0,15406.4,6682.5,50002.38,0.0,1.0,1.0,,21.5
,Khatima,2025-08-31,28.909628,79.949147,299,45720.0,41820.0,64125.0,15406.4,6682.5,50002.38,1.0,1.0,1.0,,64.51
,Khatima,2025-09-01,28.909628,79.949147,299,45720.0,41820.0,64125.0,15406.4,6682.5,50002.38,1.0,1.0,1.0,,45.67
,Khatima,2025-09-02,28.909628,79.949147,299,45720.0,41820.0,64125.0,15406.4,6682.5,50002.38,0.0,0.0,0.0,,0.0
,Khatima,2025-09-03,28.909628,79.949147,299,45720.0,41820.0,64125.0,15406.4,6682.5,50002.38,0.0,0.0,0.0,,0.0
,Khatima,2025-09-04,28.909628,79.949147,299,45720.0,41820.0,64125.0,15406.4,6682.5,50002.38,1.0,1.0,1.0,,45.67
,Khatima,2025-09-05,28.909628,79.949147,299,45720.0,41820.0,64125.0,15406.4,6682.5,50002.38,0.0,0.0,0.0,,0.0
,Khatima,2025-09-06,28.909628,79.949147,299,45720.0,41820.0,64125.0,15406.4,6682.5,50002.38,0.0,0.0,0.0,,0.0
,Khatima,2025-09-07,28.909628,79.949147,299,45720.0,41820.0,64125.0,15406.4,6682.5,50002.38,0.0,0.0,0.0,,0.0
,Khatima,2025-09-08,28.909628,79.949147,299,45720.0,41820.0,64125.0,15406.4,6682.5,50002.38,0.0,1.0,1.0,,27.52
,Khatima,2025-09-09,28.909628,79.949147,299,45720.0,41820.0,64125.0,15406.4,6682.5,50002.38,0.0,0.0,0.0,,0.0
,Khatima,2025-09-10,28.909628,79.949147,299,45720.0,41820.0,64125.0,15406.4,6682.5,50002.38,0.0,0.0,0.0,,0.0
,Khatima,2025-09-11,28.909628,79.949147,299,45720.0,41820.0,64125.0,15406.4,6682.5,50002.38,0.0,0.0,0.0,,0.0
,Khatima,2025-09-12,28.909628,79.949147,299,45720.0,41820.0,64125.0,15406.4,6682.5,50002.38,1.0,1.0,1.0,,31.2
,Khatima,2025-09-13,28.909628,79.949147,299,45720.0,41820.0,64125.0,15406.4,6682.5,50002.38,0.0,0.0,0.0,,0.0
,Khatima,2025-09-14,28.909628,79.949147,299,45720.0,41820.0,64125.0,15406.4,6682.5,50002.38,0.0,0.0,1.0,,15.6
,Khatima,2025-09-15,28.909628,79.949147,299,45720.0,41820.0,64125.0,15406.4,6682.5,50002.38,0.0,0.0,0.0,,0.0
,Khatima,2025-09-16,28.909628,79.949147,299,45720.0,41820.0,64125.0,15406.4,6682.5,50002.38,0.0,0.0,0.0,,0.0
,Khatima,2025-09-17,28.909628,79.949147,299,45720.0,41820.0,64125.0,15406.4,6682.5,50002.38,1.0,1.0,1.0,,70.1
,Khatima,2025-09-18,28.909628,79.949147,299,45720.0,41820.0,64125.0,15406.4,6682.5,50002.38,0.0,0.0,0.0,,0.0
,Khatima,2025-09-19,28.909628,79.949147,299,45720.0,41820.0,64125.0,15406.4,6682.5,50002.38,0.0,0.0,0.0,,0.0
,Khatima,2025-09-20,28.909628,79.949147,299,45720.0,41820.0,64125.0,15406.4,6682.5,50002.38,0.0,0.0,0.0,,0.0
,Khatima,2025-09-21,28.909628,79.949147,299,45720.0,41820.0,64125.0,15406.4,6682.5,50002.38,0.0,0.0,0.0,,0.0
,Khatima,2025-09-22,28.909628,79.949147,299,45720.0,41820.0,64125.0,15406.4,6682.5,50002.38,0.0,0.0,0.0,,0.0
,Khatima,2025-09-23,28.909628,79.949147,299,45720.0,41820.0,64125.0,15406.4,6682.5,50002.38,0.0,0.0,0.0,,0.0
,Khatima,2025-09-24,28.909628,79.949147,299,45720.0,41820.0,64125.0,15406.4,6682.5,50002.38,0.0,0.0,0.0,,0.0
,Khatima,2025-09-25,28.909628,79.949147,299,45720.0,41820.0,64125.0,15406.4,6682.5,50002.38,0.0,0.0,0.0,,0.0
,Khatima,2025-09-26,28.909628,79.949147,299,45720.0,41820.0,64125.0,15406.4,6682.5,50002.38,0.0,0.0,0.0,,0.0
,Khatima,2025-09-27,28.909628,79.949147,299,45720.0,41820.0,64125.0,15406.4,6682.5,50002.38,0.0,0.0,0.0,,0.0
,Khatima,2025-09-28,28.909628,79.949147,299,45720.0,41820.0,64125.0,15406.4,6682.5,50002.38,0.0,0.0,0.0,,0.0
,Khatima,2025-09-29,28.909628,79.949147,299,45720.0,41820.0,64125.0,15406.4,6682.5,50002.38,0.0,0.0,0.0,,0.0
,Khatima,2025-09-30,28.909628,79.949147,299,45720.0,41820.0,64125.0,15406.4,6682.5,50002.38,0.0,0.0,0.0,,0.0
,Khatima,2025-10-01,28.909628,79.949147,299,115360.0,41820.0,64125.0,15406.4,6682.5,50002.38,0.0,0.0,0.0,,
,,2025-10-02,,,,,,,,,,,,,,9.02
,,2025-10-03,,,,,,,,,,,,,,3.99
,,2025-10-04,,,,,,,,,,,,,,0.01
,,2025-10-05,,,,,,,,,,,,,,0.92
,,2025-10-06,,,,,,,,,,,,,,2.69
,,2025-10-07,,,,,,,,,,,,,,12.19
,,2025-10-08,,,,,,,,,,,,,,3.4
,,2025-10-09,,,,,,,,,,,,,,0.06
,,2025-10-10,,,,,,,,,,,,,,0.21
,,2025-10-11,,,,,,,,,,,,,,0.14
,,2025-10-12,,,,,,,,,,,,,,0.03
,,2025-10-13,,,,,,,,,,,,,,0.22
,,2025-10-14,,,,,,,,,,,,,,0.31
,,2025-10-15,,,,,,,,,,,,,,0.01
,,2025-10-16,,,,,,,,,,,,,,0.0
,,2025-10-17,,,,,,,,,,,,,,0.01
,,2025-10-18,,,,,,,,,,,,,,0.04
,,2025-10-19,,,,,,,,,,,,,,
,,2025-10-20,,,,,,,,,,,,,,
,,2025-10-21,,,,,,,,,,,,,,
